/*==============================================================*/
/* 初始化tbl_code数据                                          */
/*==============================================================*/
insert into TBL_CODE (ID, ITEMCODE, ITEMNAME, ITEMVALUE, TABLECODE, STATE, REMARK)
values (476, 'ALARMBACKCOLOR', '00ff00', '0', null, null, null);

insert into TBL_CODE (ID, ITEMCODE, ITEMNAME, ITEMVALUE, TABLECODE, STATE, REMARK)
values (477, 'ALARMBACKCOLOR', 'dc2828', '100', null, null, null);

insert into TBL_CODE (ID, ITEMCODE, ITEMNAME, ITEMVALUE, TABLECODE, STATE, REMARK)
values (478, 'ALARMBACKCOLOR', 'f09614', '200', null, null, null);

insert into TBL_CODE (ID, ITEMCODE, ITEMNAME, ITEMVALUE, TABLECODE, STATE, REMARK)
values (479, 'ALARMBACKCOLOR', 'fae600', '300', null, null, null);

insert into TBL_CODE (ID, ITEMCODE, ITEMNAME, ITEMVALUE, TABLECODE, STATE, REMARK)
values (804, 'ALARMCOLOROPACITY', '0', '0', null, null, null);

insert into TBL_CODE (ID, ITEMCODE, ITEMNAME, ITEMVALUE, TABLECODE, STATE, REMARK)
values (805, 'ALARMCOLOROPACITY', '0', '100', null, null, null);

insert into TBL_CODE (ID, ITEMCODE, ITEMNAME, ITEMVALUE, TABLECODE, STATE, REMARK)
values (806, 'ALARMCOLOROPACITY', '0', '200', null, null, null);

insert into TBL_CODE (ID, ITEMCODE, ITEMNAME, ITEMVALUE, TABLECODE, STATE, REMARK)
values (807, 'ALARMCOLOROPACITY', '0', '300', null, null, null);

insert into TBL_CODE (ID, ITEMCODE, ITEMNAME, ITEMVALUE, TABLECODE, STATE, REMARK)
values (796, 'ALARMFORECOLOR', '000000', '0', null, null, null);

insert into TBL_CODE (ID, ITEMCODE, ITEMNAME, ITEMVALUE, TABLECODE, STATE, REMARK)
values (797, 'ALARMFORECOLOR', 'dc2828', '100', null, null, null);

insert into TBL_CODE (ID, ITEMCODE, ITEMNAME, ITEMVALUE, TABLECODE, STATE, REMARK)
values (798, 'ALARMFORECOLOR', 'f09614', '200', null, null, null);

insert into TBL_CODE (ID, ITEMCODE, ITEMNAME, ITEMVALUE, TABLECODE, STATE, REMARK)
values (799, 'ALARMFORECOLOR', 'fae600', '300', null, null, null);

insert into TBL_CODE (ID, ITEMCODE, ITEMNAME, ITEMVALUE, TABLECODE, STATE, REMARK)
values (1062, 'COMMALARMBACKCOLOR', '6c6262', '0', null, null, null);

insert into TBL_CODE (ID, ITEMCODE, ITEMNAME, ITEMVALUE, TABLECODE, STATE, REMARK)
values (1063, 'COMMALARMBACKCOLOR', '00ff00', '1', null, null, null);

insert into TBL_CODE (ID, ITEMCODE, ITEMNAME, ITEMVALUE, TABLECODE, STATE, REMARK)
values (1122, 'COMMALARMBACKCOLOR', 'f09614', '2', null, null, null);

insert into TBL_CODE (ID, ITEMCODE, ITEMNAME, ITEMVALUE, TABLECODE, STATE, REMARK)
values (1066, 'COMMALARMCOLOROPACITY', '0', '0', null, null, null);

insert into TBL_CODE (ID, ITEMCODE, ITEMNAME, ITEMVALUE, TABLECODE, STATE, REMARK)
values (1067, 'COMMALARMCOLOROPACITY', '0', '1', null, null, null);

insert into TBL_CODE (ID, ITEMCODE, ITEMNAME, ITEMVALUE, TABLECODE, STATE, REMARK)
values (1124, 'COMMALARMCOLOROPACITY', '0', '2', null, null, null);

insert into TBL_CODE (ID, ITEMCODE, ITEMNAME, ITEMVALUE, TABLECODE, STATE, REMARK)
values (1104, 'COMMALARMFORECOLOR', '6c6262', '0', null, null, null);

insert into TBL_CODE (ID, ITEMCODE, ITEMNAME, ITEMVALUE, TABLECODE, STATE, REMARK)
values (1105, 'COMMALARMFORECOLOR', '00ff00', '1', null, null, null);

insert into TBL_CODE (ID, ITEMCODE, ITEMNAME, ITEMVALUE, TABLECODE, STATE, REMARK)
values (1123, 'COMMALARMFORECOLOR', 'f09614', '2', null, null, null);

insert into TBL_CODE (ID, ITEMCODE, ITEMNAME, ITEMVALUE, TABLECODE, STATE, REMARK)
values (1102, 'RUNALARMBACKCOLOR', 'dc2828', '0', null, null, null);

insert into TBL_CODE (ID, ITEMCODE, ITEMNAME, ITEMVALUE, TABLECODE, STATE, REMARK)
values (1103, 'RUNALARMBACKCOLOR', '00ff00', '1', null, null, null);

insert into TBL_CODE (ID, ITEMCODE, ITEMNAME, ITEMVALUE, TABLECODE, STATE, REMARK)
values (1142, 'RUNALARMBACKCOLOR', 'f09614', '2', null, null, null);

insert into TBL_CODE (ID, ITEMCODE, ITEMNAME, ITEMVALUE, TABLECODE, STATE, REMARK)
values (1106, 'RUNALARMCOLOROPACITY', '0', '0', null, null, null);

insert into TBL_CODE (ID, ITEMCODE, ITEMNAME, ITEMVALUE, TABLECODE, STATE, REMARK)
values (1107, 'RUNALARMCOLOROPACITY', '0', '1', null, null, null);

insert into TBL_CODE (ID, ITEMCODE, ITEMNAME, ITEMVALUE, TABLECODE, STATE, REMARK)
values (1144, 'RUNALARMCOLOROPACITY', '0', '2', null, null, null);

insert into TBL_CODE (ID, ITEMCODE, ITEMNAME, ITEMVALUE, TABLECODE, STATE, REMARK)
values (1064, 'RUNALARMFORECOLOR', 'dc2828', '0', null, null, null);

insert into TBL_CODE (ID, ITEMCODE, ITEMNAME, ITEMVALUE, TABLECODE, STATE, REMARK)
values (1065, 'RUNALARMFORECOLOR', '00ff00', '1', null, null, null);

insert into TBL_CODE (ID, ITEMCODE, ITEMNAME, ITEMVALUE, TABLECODE, STATE, REMARK)
values (1143, 'RUNALARMFORECOLOR', 'f09614', '2', null, null, null);


/*==============================================================*/
/* 初始化TBL_AUXILIARYDEVICE数据                                          */
/*==============================================================*/
insert into TBL_AUXILIARYDEVICE (ID, NAME, TYPE, MODEL, SORT, REMARK, MANUFACTURER, SPECIFICTYPE)
values (1, 'Pumping Unit', 2, 'CYJY3-1.4-6.5HB', 1, 'XXXXX', 'Daqing', 1);

insert into TBL_AUXILIARYDEVICE (ID, NAME, TYPE, MODEL, SORT, REMARK, MANUFACTURER, SPECIFICTYPE)
values (2, 'Pumping Unit', 2, 'CYJY5-2.5-26HB', 2, 'Daqing-CYJY5-2.5-26HB', 'Daqing', 1);

insert into TBL_AUXILIARYDEVICE (ID, NAME, TYPE, MODEL, SORT, REMARK, MANUFACTURER, SPECIFICTYPE)
values (3, 'Pumping Unit', 2, 'CYJ6-2.5-26HB', 3, 'Daqing-CYJ6-2.5-26HB', 'Daqing', 1);

insert into TBL_AUXILIARYDEVICE (ID, NAME, TYPE, MODEL, SORT, REMARK, MANUFACTURER, SPECIFICTYPE)
values (4, 'Pumping Unit', 2, 'CYJY6-2.5-26HB', 4, 'Daqing-CYJY6-2.5-26HB', 'Daqing', 1);

insert into TBL_AUXILIARYDEVICE (ID, NAME, TYPE, MODEL, SORT, REMARK, MANUFACTURER, SPECIFICTYPE)
values (5, 'Pumping Unit', 2, 'CYJ8-3-37HB', 5, 'Daqing-CYJ8-3-37HB', 'Daqing', 1);

insert into TBL_AUXILIARYDEVICE (ID, NAME, TYPE, MODEL, SORT, REMARK, MANUFACTURER, SPECIFICTYPE)
values (6, 'Pumping Unit', 2, 'CYJY8-3-37HB', 6, 'Daqing-CYJY8-3-37HB', 'Daqing', 1);

insert into TBL_AUXILIARYDEVICE (ID, NAME, TYPE, MODEL, SORT, REMARK, MANUFACTURER, SPECIFICTYPE)
values (7, 'Pumping Unit', 2, 'CYJ10-3-37HB', 7, 'Daqing-CYJ10-3-37HB', 'Daqing', 1);

insert into TBL_AUXILIARYDEVICE (ID, NAME, TYPE, MODEL, SORT, REMARK, MANUFACTURER, SPECIFICTYPE)
values (8, 'Pumping Unit', 2, 'CYJY10-3-37HB', 8, 'Daqing-CYJY10-3-37HB', 'Daqing', 1);

insert into TBL_AUXILIARYDEVICE (ID, NAME, TYPE, MODEL, SORT, REMARK, MANUFACTURER, SPECIFICTYPE)
values (9, 'Pumping Unit', 2, 'CYJ10-3-53HB', 9, 'Daqing-CYJ10-3-53HB', 'Daqing', 1);

insert into TBL_AUXILIARYDEVICE (ID, NAME, TYPE, MODEL, SORT, REMARK, MANUFACTURER, SPECIFICTYPE)
values (10, 'Pumping Unit', 2, 'CYJY10-3-53HB', 10, 'Daqing-CYJY10-3-53HB', 'Daqing', 1);

insert into TBL_AUXILIARYDEVICE (ID, NAME, TYPE, MODEL, SORT, REMARK, MANUFACTURER, SPECIFICTYPE)
values (11, 'Pumping Unit', 2, 'CYJY10-4.2-53HB', 11, 'Daqing-CYJY10-4.2-53HB', 'Daqing', 1);

insert into TBL_AUXILIARYDEVICE (ID, NAME, TYPE, MODEL, SORT, REMARK, MANUFACTURER, SPECIFICTYPE)
values (12, 'Pumping Unit', 2, 'CYJY12-3-53HB', 12, 'Daqing-CYJY12-3-53HB', 'Daqing', 1);

insert into TBL_AUXILIARYDEVICE (ID, NAME, TYPE, MODEL, SORT, REMARK, MANUFACTURER, SPECIFICTYPE)
values (13, 'Pumping Unit', 2, 'CYJY12-4.2-73HB', 13, 'Daqing-CYJY12-4.2-73HB', 'Daqing', 1);

insert into TBL_AUXILIARYDEVICE (ID, NAME, TYPE, MODEL, SORT, REMARK, MANUFACTURER, SPECIFICTYPE)
values (14, 'Pumping Unit', 2, 'CYJY14-5.5-73HF', 14, 'Daqing-CYJY14-5.5-73HF', 'Daqing', 1);

insert into TBL_AUXILIARYDEVICE (ID, NAME, TYPE, MODEL, SORT, REMARK, MANUFACTURER, SPECIFICTYPE)
values (15, 'Pumping Unit', 2, 'CYJY14-6-73HF', 15, 'Daqing-CYJY14-6-73HF', 'Daqing', 1);

insert into TBL_AUXILIARYDEVICE (ID, NAME, TYPE, MODEL, SORT, REMARK, MANUFACTURER, SPECIFICTYPE)
values (16, 'Pumping Unit', 2, 'CYJY14-5.5-89H', 16, 'Daqing-CYJY14-5.5-89H', 'Daqing', 1);

insert into TBL_AUXILIARYDEVICE (ID, NAME, TYPE, MODEL, SORT, REMARK, MANUFACTURER, SPECIFICTYPE)
values (17, 'Pumping Unit', 2, 'CYJY14-6-89HF', 17, 'Daqing-CYJY14-6-89HF', 'Daqing', 1);

insert into TBL_AUXILIARYDEVICE (ID, NAME, TYPE, MODEL, SORT, REMARK, MANUFACTURER, SPECIFICTYPE)
values (18, 'Pumping Unit', 2, 'CYJS8-3-37HB', 18, 'Daqing-CYJS8-3-37HB', 'Daqing', 1);

/*==============================================================*/
/* 初始化TBL_AUXILIARYDEVICEADDINFO数据                                          */
/*==============================================================*/
insert into TBL_AUXILIARYDEVICEADDINFO (ID, DEVICEID, ITEMNAME, ITEMVALUE, ITEMUNIT, ITEMCODE)
values (1, 1, '冲程', '1.4,1.2,1,0.8', 'm', 'stroke');

insert into TBL_AUXILIARYDEVICEADDINFO (ID, DEVICEID, ITEMNAME, ITEMVALUE, ITEMUNIT, ITEMCODE)
values (2, 1, '旋转方向', 'Clockwise', null, 'crankRotationDirection');

insert into TBL_AUXILIARYDEVICEADDINFO (ID, DEVICEID, ITEMNAME, ITEMVALUE, ITEMUNIT, ITEMCODE)
values (3, 1, '曲柄偏置角', '-14', '°', 'offsetAngleOfCrank');

insert into TBL_AUXILIARYDEVICEADDINFO (ID, DEVICEID, ITEMNAME, ITEMVALUE, ITEMUNIT, ITEMCODE)
values (4, 1, '曲柄重心半径', '0.5194', 'm', 'crankGravityRadius');

insert into TBL_AUXILIARYDEVICEADDINFO (ID, DEVICEID, ITEMNAME, ITEMVALUE, ITEMUNIT, ITEMCODE)
values (5, 1, '单块曲柄重量', '1.617', 'kN', 'singleCrankWeight');

insert into TBL_AUXILIARYDEVICEADDINFO (ID, DEVICEID, ITEMNAME, ITEMVALUE, ITEMUNIT, ITEMCODE)
values (6, 1, '单块曲柄销重量', '0.1486', 'kN', 'singleCrankPinWeight');

insert into TBL_AUXILIARYDEVICEADDINFO (ID, DEVICEID, ITEMNAME, ITEMVALUE, ITEMUNIT, ITEMCODE)
values (7, 1, '结构不平衡重', '0.7056', 'kN', 'structuralUnbalance');

insert into TBL_AUXILIARYDEVICEADDINFO (ID, DEVICEID, ITEMNAME, ITEMVALUE, ITEMUNIT, ITEMCODE)
values (8, 1, '平衡块重量', '2.646', 'kN', 'balanceWeight');

insert into TBL_AUXILIARYDEVICEADDINFO (ID, DEVICEID, ITEMNAME, ITEMVALUE, ITEMUNIT, ITEMCODE)
values (9, 2, '冲程', '2.5,2.1,1.8', 'm', 'stroke');

insert into TBL_AUXILIARYDEVICEADDINFO (ID, DEVICEID, ITEMNAME, ITEMVALUE, ITEMUNIT, ITEMCODE)
values (10, 2, '旋转方向', 'Clockwise', null, 'crankRotationDirection');

insert into TBL_AUXILIARYDEVICEADDINFO (ID, DEVICEID, ITEMNAME, ITEMVALUE, ITEMUNIT, ITEMCODE)
values (11, 2, '曲柄偏置角', '-8', '°', 'offsetAngleOfCrank');

insert into TBL_AUXILIARYDEVICEADDINFO (ID, DEVICEID, ITEMNAME, ITEMVALUE, ITEMUNIT, ITEMCODE)
values (12, 2, '曲柄重心半径', '0.65', 'm', 'crankGravityRadius');

insert into TBL_AUXILIARYDEVICEADDINFO (ID, DEVICEID, ITEMNAME, ITEMVALUE, ITEMUNIT, ITEMCODE)
values (13, 2, '单块曲柄重量', '9.5', 'kN', 'singleCrankWeight');

insert into TBL_AUXILIARYDEVICEADDINFO (ID, DEVICEID, ITEMNAME, ITEMVALUE, ITEMUNIT, ITEMCODE)
values (14, 2, '单块曲柄销重量', '0.706', 'kN', 'singleCrankPinWeight');

insert into TBL_AUXILIARYDEVICEADDINFO (ID, DEVICEID, ITEMNAME, ITEMVALUE, ITEMUNIT, ITEMCODE)
values (15, 2, '结构不平衡重', '1.4', 'kN', 'structuralUnbalance');

insert into TBL_AUXILIARYDEVICEADDINFO (ID, DEVICEID, ITEMNAME, ITEMVALUE, ITEMUNIT, ITEMCODE)
values (16, 2, '平衡块重量', '7.71', 'kN', 'balanceWeight');

insert into TBL_AUXILIARYDEVICEADDINFO (ID, DEVICEID, ITEMNAME, ITEMVALUE, ITEMUNIT, ITEMCODE)
values (17, 3, '冲程', '2.5,2.1,1.7,1.4,1', 'm', 'stroke');

insert into TBL_AUXILIARYDEVICEADDINFO (ID, DEVICEID, ITEMNAME, ITEMVALUE, ITEMUNIT, ITEMCODE)
values (18, 3, '旋转方向', 'Anticlockwise', null, 'crankRotationDirection');

insert into TBL_AUXILIARYDEVICEADDINFO (ID, DEVICEID, ITEMNAME, ITEMVALUE, ITEMUNIT, ITEMCODE)
values (19, 3, '曲柄偏置角', '0', '°', 'offsetAngleOfCrank');

insert into TBL_AUXILIARYDEVICEADDINFO (ID, DEVICEID, ITEMNAME, ITEMVALUE, ITEMUNIT, ITEMCODE)
values (20, 3, '曲柄重心半径', '0.7', 'm', 'crankGravityRadius');

insert into TBL_AUXILIARYDEVICEADDINFO (ID, DEVICEID, ITEMNAME, ITEMVALUE, ITEMUNIT, ITEMCODE)
values (21, 3, '单块曲柄重量', '9', 'kN', 'singleCrankWeight');

insert into TBL_AUXILIARYDEVICEADDINFO (ID, DEVICEID, ITEMNAME, ITEMVALUE, ITEMUNIT, ITEMCODE)
values (22, 3, '单块曲柄销重量', '0.679', 'kN', 'singleCrankPinWeight');

insert into TBL_AUXILIARYDEVICEADDINFO (ID, DEVICEID, ITEMNAME, ITEMVALUE, ITEMUNIT, ITEMCODE)
values (23, 3, '结构不平衡重', '2', 'kN', 'structuralUnbalance');

insert into TBL_AUXILIARYDEVICEADDINFO (ID, DEVICEID, ITEMNAME, ITEMVALUE, ITEMUNIT, ITEMCODE)
values (24, 3, '平衡块重量', '7.71', 'kN', 'balanceWeight');

insert into TBL_AUXILIARYDEVICEADDINFO (ID, DEVICEID, ITEMNAME, ITEMVALUE, ITEMUNIT, ITEMCODE)
values (25, 4, '冲程', '2.5,2.1,1.8', 'm', 'stroke');

insert into TBL_AUXILIARYDEVICEADDINFO (ID, DEVICEID, ITEMNAME, ITEMVALUE, ITEMUNIT, ITEMCODE)
values (26, 4, '旋转方向', 'Clockwise', null, 'crankRotationDirection');

insert into TBL_AUXILIARYDEVICEADDINFO (ID, DEVICEID, ITEMNAME, ITEMVALUE, ITEMUNIT, ITEMCODE)
values (27, 4, '曲柄偏置角', '-8', '°', 'offsetAngleOfCrank');

insert into TBL_AUXILIARYDEVICEADDINFO (ID, DEVICEID, ITEMNAME, ITEMVALUE, ITEMUNIT, ITEMCODE)
values (28, 4, '曲柄重心半径', '0.65', 'm', 'crankGravityRadius');

insert into TBL_AUXILIARYDEVICEADDINFO (ID, DEVICEID, ITEMNAME, ITEMVALUE, ITEMUNIT, ITEMCODE)
values (29, 4, '单块曲柄重量', '9.5', 'kN', 'singleCrankWeight');

insert into TBL_AUXILIARYDEVICEADDINFO (ID, DEVICEID, ITEMNAME, ITEMVALUE, ITEMUNIT, ITEMCODE)
values (30, 4, '单块曲柄销重量', '0.706', 'kN', 'singleCrankPinWeight');

insert into TBL_AUXILIARYDEVICEADDINFO (ID, DEVICEID, ITEMNAME, ITEMVALUE, ITEMUNIT, ITEMCODE)
values (31, 4, '结构不平衡重', '1.4', 'kN', 'structuralUnbalance');

insert into TBL_AUXILIARYDEVICEADDINFO (ID, DEVICEID, ITEMNAME, ITEMVALUE, ITEMUNIT, ITEMCODE)
values (32, 4, '平衡块重量', '7.71', 'kN', 'balanceWeight');

insert into TBL_AUXILIARYDEVICEADDINFO (ID, DEVICEID, ITEMNAME, ITEMVALUE, ITEMUNIT, ITEMCODE)
values (33, 5, '冲程', '3,2.5,2.1', 'm', 'stroke');

insert into TBL_AUXILIARYDEVICEADDINFO (ID, DEVICEID, ITEMNAME, ITEMVALUE, ITEMUNIT, ITEMCODE)
values (34, 5, '旋转方向', 'Anticlockwise', null, 'crankRotationDirection');

insert into TBL_AUXILIARYDEVICEADDINFO (ID, DEVICEID, ITEMNAME, ITEMVALUE, ITEMUNIT, ITEMCODE)
values (35, 5, '曲柄偏置角', '0', '°', 'offsetAngleOfCrank');

insert into TBL_AUXILIARYDEVICEADDINFO (ID, DEVICEID, ITEMNAME, ITEMVALUE, ITEMUNIT, ITEMCODE)
values (36, 5, '曲柄重心半径', '0.75', 'm', 'crankGravityRadius');

insert into TBL_AUXILIARYDEVICEADDINFO (ID, DEVICEID, ITEMNAME, ITEMVALUE, ITEMUNIT, ITEMCODE)
values (37, 5, '单块曲柄重量', '10', 'kN', 'singleCrankWeight');

insert into TBL_AUXILIARYDEVICEADDINFO (ID, DEVICEID, ITEMNAME, ITEMVALUE, ITEMUNIT, ITEMCODE)
values (38, 5, '单块曲柄销重量', '0.679', 'kN', 'singleCrankPinWeight');

insert into TBL_AUXILIARYDEVICEADDINFO (ID, DEVICEID, ITEMNAME, ITEMVALUE, ITEMUNIT, ITEMCODE)
values (39, 5, '结构不平衡重', '2.25', 'kN', 'structuralUnbalance');

insert into TBL_AUXILIARYDEVICEADDINFO (ID, DEVICEID, ITEMNAME, ITEMVALUE, ITEMUNIT, ITEMCODE)
values (40, 5, '平衡块重量', '12.6', 'kN', 'balanceWeight');

insert into TBL_AUXILIARYDEVICEADDINFO (ID, DEVICEID, ITEMNAME, ITEMVALUE, ITEMUNIT, ITEMCODE)
values (41, 6, '冲程', '3,2.5,2.1', 'm', 'stroke');

insert into TBL_AUXILIARYDEVICEADDINFO (ID, DEVICEID, ITEMNAME, ITEMVALUE, ITEMUNIT, ITEMCODE)
values (42, 6, '旋转方向', 'Clockwise', null, 'crankRotationDirection');

insert into TBL_AUXILIARYDEVICEADDINFO (ID, DEVICEID, ITEMNAME, ITEMVALUE, ITEMUNIT, ITEMCODE)
values (43, 6, '曲柄偏置角', '-8', '°', 'offsetAngleOfCrank');

insert into TBL_AUXILIARYDEVICEADDINFO (ID, DEVICEID, ITEMNAME, ITEMVALUE, ITEMUNIT, ITEMCODE)
values (44, 6, '曲柄重心半径', '0.77', 'm', 'crankGravityRadius');

insert into TBL_AUXILIARYDEVICEADDINFO (ID, DEVICEID, ITEMNAME, ITEMVALUE, ITEMUNIT, ITEMCODE)
values (45, 6, '单块曲柄重量', '12', 'kN', 'singleCrankWeight');

insert into TBL_AUXILIARYDEVICEADDINFO (ID, DEVICEID, ITEMNAME, ITEMVALUE, ITEMUNIT, ITEMCODE)
values (46, 6, '单块曲柄销重量', '0.706', 'kN', 'singleCrankPinWeight');

insert into TBL_AUXILIARYDEVICEADDINFO (ID, DEVICEID, ITEMNAME, ITEMVALUE, ITEMUNIT, ITEMCODE)
values (47, 6, '结构不平衡重', '-0.5', 'kN', 'structuralUnbalance');

insert into TBL_AUXILIARYDEVICEADDINFO (ID, DEVICEID, ITEMNAME, ITEMVALUE, ITEMUNIT, ITEMCODE)
values (48, 6, '平衡块重量', '12.6,11.25', 'kN', 'balanceWeight');

insert into TBL_AUXILIARYDEVICEADDINFO (ID, DEVICEID, ITEMNAME, ITEMVALUE, ITEMUNIT, ITEMCODE)
values (49, 7, '冲程', '3,2.5,2.1', 'm', 'stroke');

insert into TBL_AUXILIARYDEVICEADDINFO (ID, DEVICEID, ITEMNAME, ITEMVALUE, ITEMUNIT, ITEMCODE)
values (50, 7, '旋转方向', 'Anticlockwise', null, 'crankRotationDirection');

insert into TBL_AUXILIARYDEVICEADDINFO (ID, DEVICEID, ITEMNAME, ITEMVALUE, ITEMUNIT, ITEMCODE)
values (51, 7, '曲柄偏置角', '0', '°', 'offsetAngleOfCrank');

insert into TBL_AUXILIARYDEVICEADDINFO (ID, DEVICEID, ITEMNAME, ITEMVALUE, ITEMUNIT, ITEMCODE)
values (52, 7, '曲柄重心半径', '0.75', 'm', 'crankGravityRadius');

insert into TBL_AUXILIARYDEVICEADDINFO (ID, DEVICEID, ITEMNAME, ITEMVALUE, ITEMUNIT, ITEMCODE)
values (53, 7, '单块曲柄重量', '10', 'kN', 'singleCrankWeight');

insert into TBL_AUXILIARYDEVICEADDINFO (ID, DEVICEID, ITEMNAME, ITEMVALUE, ITEMUNIT, ITEMCODE)
values (54, 7, '单块曲柄销重量', '0.679', 'kN', 'singleCrankPinWeight');

insert into TBL_AUXILIARYDEVICEADDINFO (ID, DEVICEID, ITEMNAME, ITEMVALUE, ITEMUNIT, ITEMCODE)
values (55, 7, '结构不平衡重', '2.25', 'kN', 'structuralUnbalance');

insert into TBL_AUXILIARYDEVICEADDINFO (ID, DEVICEID, ITEMNAME, ITEMVALUE, ITEMUNIT, ITEMCODE)
values (56, 7, '平衡块重量', '12.6', 'kN', 'balanceWeight');

insert into TBL_AUXILIARYDEVICEADDINFO (ID, DEVICEID, ITEMNAME, ITEMVALUE, ITEMUNIT, ITEMCODE)
values (57, 8, '冲程', '3,2.5,2.1', 'm', 'stroke');

insert into TBL_AUXILIARYDEVICEADDINFO (ID, DEVICEID, ITEMNAME, ITEMVALUE, ITEMUNIT, ITEMCODE)
values (58, 8, '旋转方向', 'Clockwise', null, 'crankRotationDirection');

insert into TBL_AUXILIARYDEVICEADDINFO (ID, DEVICEID, ITEMNAME, ITEMVALUE, ITEMUNIT, ITEMCODE)
values (59, 8, '曲柄偏置角', '-8', '°', 'offsetAngleOfCrank');

insert into TBL_AUXILIARYDEVICEADDINFO (ID, DEVICEID, ITEMNAME, ITEMVALUE, ITEMUNIT, ITEMCODE)
values (60, 8, '曲柄重心半径', '0.77', 'm', 'crankGravityRadius');

insert into TBL_AUXILIARYDEVICEADDINFO (ID, DEVICEID, ITEMNAME, ITEMVALUE, ITEMUNIT, ITEMCODE)
values (61, 8, '单块曲柄重量', '12', 'kN', 'singleCrankWeight');

insert into TBL_AUXILIARYDEVICEADDINFO (ID, DEVICEID, ITEMNAME, ITEMVALUE, ITEMUNIT, ITEMCODE)
values (62, 8, '单块曲柄销重量', '0.706', 'kN', 'singleCrankPinWeight');

insert into TBL_AUXILIARYDEVICEADDINFO (ID, DEVICEID, ITEMNAME, ITEMVALUE, ITEMUNIT, ITEMCODE)
values (63, 8, '结构不平衡重', '-0.5', 'kN', 'structuralUnbalance');

insert into TBL_AUXILIARYDEVICEADDINFO (ID, DEVICEID, ITEMNAME, ITEMVALUE, ITEMUNIT, ITEMCODE)
values (64, 8, '平衡块重量', '12.6,11.25', 'kN', 'balanceWeight');

insert into TBL_AUXILIARYDEVICEADDINFO (ID, DEVICEID, ITEMNAME, ITEMVALUE, ITEMUNIT, ITEMCODE)
values (65, 9, '冲程', '3,2.5,2.1', 'm', 'stroke');

insert into TBL_AUXILIARYDEVICEADDINFO (ID, DEVICEID, ITEMNAME, ITEMVALUE, ITEMUNIT, ITEMCODE)
values (66, 9, '旋转方向', 'Anticlockwise', null, 'crankRotationDirection');

insert into TBL_AUXILIARYDEVICEADDINFO (ID, DEVICEID, ITEMNAME, ITEMVALUE, ITEMUNIT, ITEMCODE)
values (67, 9, '曲柄偏置角', '0', '°', 'offsetAngleOfCrank');

insert into TBL_AUXILIARYDEVICEADDINFO (ID, DEVICEID, ITEMNAME, ITEMVALUE, ITEMUNIT, ITEMCODE)
values (68, 9, '曲柄重心半径', '0.75', 'm', 'crankGravityRadius');

insert into TBL_AUXILIARYDEVICEADDINFO (ID, DEVICEID, ITEMNAME, ITEMVALUE, ITEMUNIT, ITEMCODE)
values (69, 9, '单块曲柄重量', '10', 'kN', 'singleCrankWeight');

insert into TBL_AUXILIARYDEVICEADDINFO (ID, DEVICEID, ITEMNAME, ITEMVALUE, ITEMUNIT, ITEMCODE)
values (70, 9, '单块曲柄销重量', '0.679', 'kN', 'singleCrankPinWeight');

insert into TBL_AUXILIARYDEVICEADDINFO (ID, DEVICEID, ITEMNAME, ITEMVALUE, ITEMUNIT, ITEMCODE)
values (71, 9, '结构不平衡重', '2.25', 'kN', 'structuralUnbalance');

insert into TBL_AUXILIARYDEVICEADDINFO (ID, DEVICEID, ITEMNAME, ITEMVALUE, ITEMUNIT, ITEMCODE)
values (72, 9, '平衡块重量', '12.6', 'kN', 'balanceWeight');

insert into TBL_AUXILIARYDEVICEADDINFO (ID, DEVICEID, ITEMNAME, ITEMVALUE, ITEMUNIT, ITEMCODE)
values (73, 10, '冲程', '3,2.5,2.1', 'm', 'stroke');

insert into TBL_AUXILIARYDEVICEADDINFO (ID, DEVICEID, ITEMNAME, ITEMVALUE, ITEMUNIT, ITEMCODE)
values (74, 10, '旋转方向', 'Clockwise', null, 'crankRotationDirection');

insert into TBL_AUXILIARYDEVICEADDINFO (ID, DEVICEID, ITEMNAME, ITEMVALUE, ITEMUNIT, ITEMCODE)
values (75, 10, '曲柄偏置角', '-8', '°', 'offsetAngleOfCrank');

insert into TBL_AUXILIARYDEVICEADDINFO (ID, DEVICEID, ITEMNAME, ITEMVALUE, ITEMUNIT, ITEMCODE)
values (76, 10, '曲柄重心半径', '0.77', 'm', 'crankGravityRadius');

insert into TBL_AUXILIARYDEVICEADDINFO (ID, DEVICEID, ITEMNAME, ITEMVALUE, ITEMUNIT, ITEMCODE)
values (77, 10, '单块曲柄重量', '12', 'kN', 'singleCrankWeight');

insert into TBL_AUXILIARYDEVICEADDINFO (ID, DEVICEID, ITEMNAME, ITEMVALUE, ITEMUNIT, ITEMCODE)
values (78, 10, '单块曲柄销重量', '0.706', 'kN', 'singleCrankPinWeight');

insert into TBL_AUXILIARYDEVICEADDINFO (ID, DEVICEID, ITEMNAME, ITEMVALUE, ITEMUNIT, ITEMCODE)
values (79, 10, '结构不平衡重', '-0.5', 'kN', 'structuralUnbalance');

insert into TBL_AUXILIARYDEVICEADDINFO (ID, DEVICEID, ITEMNAME, ITEMVALUE, ITEMUNIT, ITEMCODE)
values (80, 10, '平衡块重量', '12.6,11.25', 'kN', 'balanceWeight');

insert into TBL_AUXILIARYDEVICEADDINFO (ID, DEVICEID, ITEMNAME, ITEMVALUE, ITEMUNIT, ITEMCODE)
values (81, 11, '冲程', '4.2,3.6,3', 'm', 'stroke');

insert into TBL_AUXILIARYDEVICEADDINFO (ID, DEVICEID, ITEMNAME, ITEMVALUE, ITEMUNIT, ITEMCODE)
values (82, 11, '旋转方向', 'Clockwise', null, 'crankRotationDirection');

insert into TBL_AUXILIARYDEVICEADDINFO (ID, DEVICEID, ITEMNAME, ITEMVALUE, ITEMUNIT, ITEMCODE)
values (83, 11, '曲柄偏置角', '-8', '°', 'offsetAngleOfCrank');

insert into TBL_AUXILIARYDEVICEADDINFO (ID, DEVICEID, ITEMNAME, ITEMVALUE, ITEMUNIT, ITEMCODE)
values (84, 11, '曲柄重心半径', '0.94', 'm', 'crankGravityRadius');

insert into TBL_AUXILIARYDEVICEADDINFO (ID, DEVICEID, ITEMNAME, ITEMVALUE, ITEMUNIT, ITEMCODE)
values (85, 11, '单块曲柄重量', '14.3', 'kN', 'singleCrankWeight');

insert into TBL_AUXILIARYDEVICEADDINFO (ID, DEVICEID, ITEMNAME, ITEMVALUE, ITEMUNIT, ITEMCODE)
values (86, 11, '单块曲柄销重量', '0.706', 'kN', 'singleCrankPinWeight');

insert into TBL_AUXILIARYDEVICEADDINFO (ID, DEVICEID, ITEMNAME, ITEMVALUE, ITEMUNIT, ITEMCODE)
values (87, 11, '结构不平衡重', '1.59', 'kN', 'structuralUnbalance');

insert into TBL_AUXILIARYDEVICEADDINFO (ID, DEVICEID, ITEMNAME, ITEMVALUE, ITEMUNIT, ITEMCODE)
values (88, 11, '平衡块重量', '13.9,11.16', 'kN', 'balanceWeight');

insert into TBL_AUXILIARYDEVICEADDINFO (ID, DEVICEID, ITEMNAME, ITEMVALUE, ITEMUNIT, ITEMCODE)
values (89, 12, '冲程', '3,2.5,2.1', 'm', 'stroke');

insert into TBL_AUXILIARYDEVICEADDINFO (ID, DEVICEID, ITEMNAME, ITEMVALUE, ITEMUNIT, ITEMCODE)
values (90, 12, '旋转方向', 'Clockwise', null, 'crankRotationDirection');

insert into TBL_AUXILIARYDEVICEADDINFO (ID, DEVICEID, ITEMNAME, ITEMVALUE, ITEMUNIT, ITEMCODE)
values (91, 12, '曲柄偏置角', '-8', '°', 'offsetAngleOfCrank');

insert into TBL_AUXILIARYDEVICEADDINFO (ID, DEVICEID, ITEMNAME, ITEMVALUE, ITEMUNIT, ITEMCODE)
values (92, 12, '曲柄重心半径', '0.78', 'm', 'crankGravityRadius');

insert into TBL_AUXILIARYDEVICEADDINFO (ID, DEVICEID, ITEMNAME, ITEMVALUE, ITEMUNIT, ITEMCODE)
values (93, 12, '单块曲柄重量', '14', 'kN', 'singleCrankWeight');

insert into TBL_AUXILIARYDEVICEADDINFO (ID, DEVICEID, ITEMNAME, ITEMVALUE, ITEMUNIT, ITEMCODE)
values (94, 12, '单块曲柄销重量', '0.812', 'kN', 'singleCrankPinWeight');

insert into TBL_AUXILIARYDEVICEADDINFO (ID, DEVICEID, ITEMNAME, ITEMVALUE, ITEMUNIT, ITEMCODE)
values (95, 12, '结构不平衡重', '-0.5', 'kN', 'structuralUnbalance');

insert into TBL_AUXILIARYDEVICEADDINFO (ID, DEVICEID, ITEMNAME, ITEMVALUE, ITEMUNIT, ITEMCODE)
values (96, 12, '平衡块重量', '12.6,11.25', 'kN', 'balanceWeight');

insert into TBL_AUXILIARYDEVICEADDINFO (ID, DEVICEID, ITEMNAME, ITEMVALUE, ITEMUNIT, ITEMCODE)
values (97, 13, '冲程', '4.2,3.6,3', 'm', 'stroke');

insert into TBL_AUXILIARYDEVICEADDINFO (ID, DEVICEID, ITEMNAME, ITEMVALUE, ITEMUNIT, ITEMCODE)
values (98, 13, '旋转方向', 'Clockwise', null, 'crankRotationDirection');

insert into TBL_AUXILIARYDEVICEADDINFO (ID, DEVICEID, ITEMNAME, ITEMVALUE, ITEMUNIT, ITEMCODE)
values (99, 13, '曲柄偏置角', '-8', '°', 'offsetAngleOfCrank');

insert into TBL_AUXILIARYDEVICEADDINFO (ID, DEVICEID, ITEMNAME, ITEMVALUE, ITEMUNIT, ITEMCODE)
values (100, 13, '曲柄重心半径', '0.95', 'm', 'crankGravityRadius');

insert into TBL_AUXILIARYDEVICEADDINFO (ID, DEVICEID, ITEMNAME, ITEMVALUE, ITEMUNIT, ITEMCODE)
values (101, 13, '单块曲柄重量', '14.4', 'kN', 'singleCrankWeight');

insert into TBL_AUXILIARYDEVICEADDINFO (ID, DEVICEID, ITEMNAME, ITEMVALUE, ITEMUNIT, ITEMCODE)
values (102, 13, '单块曲柄销重量', '1.05', 'kN', 'singleCrankPinWeight');

insert into TBL_AUXILIARYDEVICEADDINFO (ID, DEVICEID, ITEMNAME, ITEMVALUE, ITEMUNIT, ITEMCODE)
values (103, 13, '结构不平衡重', '3.35', 'kN', 'structuralUnbalance');

insert into TBL_AUXILIARYDEVICEADDINFO (ID, DEVICEID, ITEMNAME, ITEMVALUE, ITEMUNIT, ITEMCODE)
values (104, 13, '平衡块重量', '15.5,12.6', 'kN', 'balanceWeight');

insert into TBL_AUXILIARYDEVICEADDINFO (ID, DEVICEID, ITEMNAME, ITEMVALUE, ITEMUNIT, ITEMCODE)
values (105, 14, '冲程', '5.5,4.6,3.7', 'm', 'stroke');

insert into TBL_AUXILIARYDEVICEADDINFO (ID, DEVICEID, ITEMNAME, ITEMVALUE, ITEMUNIT, ITEMCODE)
values (106, 14, '旋转方向', 'Clockwise', null, 'crankRotationDirection');

insert into TBL_AUXILIARYDEVICEADDINFO (ID, DEVICEID, ITEMNAME, ITEMVALUE, ITEMUNIT, ITEMCODE)
values (107, 14, '曲柄偏置角', '-7.5', '°', 'offsetAngleOfCrank');

insert into TBL_AUXILIARYDEVICEADDINFO (ID, DEVICEID, ITEMNAME, ITEMVALUE, ITEMUNIT, ITEMCODE)
values (108, 14, '曲柄重心半径', '1.31', 'm', 'crankGravityRadius');

insert into TBL_AUXILIARYDEVICEADDINFO (ID, DEVICEID, ITEMNAME, ITEMVALUE, ITEMUNIT, ITEMCODE)
values (109, 14, '单块曲柄重量', '18.4', 'kN', 'singleCrankWeight');

insert into TBL_AUXILIARYDEVICEADDINFO (ID, DEVICEID, ITEMNAME, ITEMVALUE, ITEMUNIT, ITEMCODE)
values (110, 14, '单块曲柄销重量', '1.096', 'kN', 'singleCrankPinWeight');

insert into TBL_AUXILIARYDEVICEADDINFO (ID, DEVICEID, ITEMNAME, ITEMVALUE, ITEMUNIT, ITEMCODE)
values (111, 14, '结构不平衡重', '1.2', 'kN', 'structuralUnbalance');

insert into TBL_AUXILIARYDEVICEADDINFO (ID, DEVICEID, ITEMNAME, ITEMVALUE, ITEMUNIT, ITEMCODE)
values (112, 14, '平衡块重量', '15.5,12.6', 'kN', 'balanceWeight');

insert into TBL_AUXILIARYDEVICEADDINFO (ID, DEVICEID, ITEMNAME, ITEMVALUE, ITEMUNIT, ITEMCODE)
values (113, 15, '冲程', '6,5,4', 'm', 'stroke');

insert into TBL_AUXILIARYDEVICEADDINFO (ID, DEVICEID, ITEMNAME, ITEMVALUE, ITEMUNIT, ITEMCODE)
values (114, 15, '旋转方向', 'Clockwise', null, 'crankRotationDirection');

insert into TBL_AUXILIARYDEVICEADDINFO (ID, DEVICEID, ITEMNAME, ITEMVALUE, ITEMUNIT, ITEMCODE)
values (115, 15, '曲柄偏置角', '-7.5', '°', 'offsetAngleOfCrank');

insert into TBL_AUXILIARYDEVICEADDINFO (ID, DEVICEID, ITEMNAME, ITEMVALUE, ITEMUNIT, ITEMCODE)
values (116, 15, '曲柄重心半径', '1.31', 'm', 'crankGravityRadius');

insert into TBL_AUXILIARYDEVICEADDINFO (ID, DEVICEID, ITEMNAME, ITEMVALUE, ITEMUNIT, ITEMCODE)
values (117, 15, '单块曲柄重量', '18.4', 'kN', 'singleCrankWeight');

insert into TBL_AUXILIARYDEVICEADDINFO (ID, DEVICEID, ITEMNAME, ITEMVALUE, ITEMUNIT, ITEMCODE)
values (118, 15, '单块曲柄销重量', '1.096', 'kN', 'singleCrankPinWeight');

insert into TBL_AUXILIARYDEVICEADDINFO (ID, DEVICEID, ITEMNAME, ITEMVALUE, ITEMUNIT, ITEMCODE)
values (119, 15, '结构不平衡重', '0.6', 'kN', 'structuralUnbalance');

insert into TBL_AUXILIARYDEVICEADDINFO (ID, DEVICEID, ITEMNAME, ITEMVALUE, ITEMUNIT, ITEMCODE)
values (120, 15, '平衡块重量', '15.5,12.6', 'kN', 'balanceWeight');

insert into TBL_AUXILIARYDEVICEADDINFO (ID, DEVICEID, ITEMNAME, ITEMVALUE, ITEMUNIT, ITEMCODE)
values (121, 16, '冲程', '5.5,4.6,3.7', 'm', 'stroke');

insert into TBL_AUXILIARYDEVICEADDINFO (ID, DEVICEID, ITEMNAME, ITEMVALUE, ITEMUNIT, ITEMCODE)
values (122, 16, '旋转方向', 'Clockwise', null, 'crankRotationDirection');

insert into TBL_AUXILIARYDEVICEADDINFO (ID, DEVICEID, ITEMNAME, ITEMVALUE, ITEMUNIT, ITEMCODE)
values (123, 16, '曲柄偏置角', '-7.5', '°', 'offsetAngleOfCrank');

insert into TBL_AUXILIARYDEVICEADDINFO (ID, DEVICEID, ITEMNAME, ITEMVALUE, ITEMUNIT, ITEMCODE)
values (124, 16, '曲柄重心半径', '1.31', 'm', 'crankGravityRadius');

insert into TBL_AUXILIARYDEVICEADDINFO (ID, DEVICEID, ITEMNAME, ITEMVALUE, ITEMUNIT, ITEMCODE)
values (125, 16, '单块曲柄重量', '18.4', 'kN', 'singleCrankWeight');

insert into TBL_AUXILIARYDEVICEADDINFO (ID, DEVICEID, ITEMNAME, ITEMVALUE, ITEMUNIT, ITEMCODE)
values (126, 16, '单块曲柄销重量', '1.096', 'kN', 'singleCrankPinWeight');

insert into TBL_AUXILIARYDEVICEADDINFO (ID, DEVICEID, ITEMNAME, ITEMVALUE, ITEMUNIT, ITEMCODE)
values (127, 16, '结构不平衡重', '1.2', 'kN', 'structuralUnbalance');

insert into TBL_AUXILIARYDEVICEADDINFO (ID, DEVICEID, ITEMNAME, ITEMVALUE, ITEMUNIT, ITEMCODE)
values (128, 16, '平衡块重量', '15.5,12.6', 'kN', 'balanceWeight');

insert into TBL_AUXILIARYDEVICEADDINFO (ID, DEVICEID, ITEMNAME, ITEMVALUE, ITEMUNIT, ITEMCODE)
values (129, 17, '冲程', '6,5,4', 'm', 'stroke');

insert into TBL_AUXILIARYDEVICEADDINFO (ID, DEVICEID, ITEMNAME, ITEMVALUE, ITEMUNIT, ITEMCODE)
values (130, 17, '旋转方向', 'Clockwise', null, 'crankRotationDirection');

insert into TBL_AUXILIARYDEVICEADDINFO (ID, DEVICEID, ITEMNAME, ITEMVALUE, ITEMUNIT, ITEMCODE)
values (131, 17, '曲柄偏置角', '-7.5', '°', 'offsetAngleOfCrank');

insert into TBL_AUXILIARYDEVICEADDINFO (ID, DEVICEID, ITEMNAME, ITEMVALUE, ITEMUNIT, ITEMCODE)
values (132, 17, '曲柄重心半径', '1.31', 'm', 'crankGravityRadius');

insert into TBL_AUXILIARYDEVICEADDINFO (ID, DEVICEID, ITEMNAME, ITEMVALUE, ITEMUNIT, ITEMCODE)
values (133, 17, '单块曲柄重量', '18.4', 'kN', 'singleCrankWeight');

insert into TBL_AUXILIARYDEVICEADDINFO (ID, DEVICEID, ITEMNAME, ITEMVALUE, ITEMUNIT, ITEMCODE)
values (134, 17, '单块曲柄销重量', '1.096', 'kN', 'singleCrankPinWeight');

insert into TBL_AUXILIARYDEVICEADDINFO (ID, DEVICEID, ITEMNAME, ITEMVALUE, ITEMUNIT, ITEMCODE)
values (135, 17, '结构不平衡重', '0.6', 'kN', 'structuralUnbalance');

insert into TBL_AUXILIARYDEVICEADDINFO (ID, DEVICEID, ITEMNAME, ITEMVALUE, ITEMUNIT, ITEMCODE)
values (136, 17, '平衡块重量', '15.5,12.6', 'kN', 'balanceWeight');

insert into TBL_AUXILIARYDEVICEADDINFO (ID, DEVICEID, ITEMNAME, ITEMVALUE, ITEMUNIT, ITEMCODE)
values (137, 18, '冲程', '2.5,3', 'm', 'stroke');

insert into TBL_AUXILIARYDEVICEADDINFO (ID, DEVICEID, ITEMNAME, ITEMVALUE, ITEMUNIT, ITEMCODE)
values (138, 18, '旋转方向', 'Clockwise', null, 'crankRotationDirection');

insert into TBL_AUXILIARYDEVICEADDINFO (ID, DEVICEID, ITEMNAME, ITEMVALUE, ITEMUNIT, ITEMCODE)
values (139, 18, '曲柄偏置角', '0', '°', 'offsetAngleOfCrank');

insert into TBL_AUXILIARYDEVICEADDINFO (ID, DEVICEID, ITEMNAME, ITEMVALUE, ITEMUNIT, ITEMCODE)
values (140, 18, '曲柄重心半径', '0.72', 'm', 'crankGravityRadius');

insert into TBL_AUXILIARYDEVICEADDINFO (ID, DEVICEID, ITEMNAME, ITEMVALUE, ITEMUNIT, ITEMCODE)
values (141, 18, '单块曲柄重量', '8.2516', 'kN', 'singleCrankWeight');

insert into TBL_AUXILIARYDEVICEADDINFO (ID, DEVICEID, ITEMNAME, ITEMVALUE, ITEMUNIT, ITEMCODE)
values (142, 18, '单块曲柄销重量', '0.7', 'kN', 'singleCrankPinWeight');

insert into TBL_AUXILIARYDEVICEADDINFO (ID, DEVICEID, ITEMNAME, ITEMVALUE, ITEMUNIT, ITEMCODE)
values (143, 18, '结构不平衡重', '-2', 'kN', 'structuralUnbalance');

insert into TBL_AUXILIARYDEVICEADDINFO (ID, DEVICEID, ITEMNAME, ITEMVALUE, ITEMUNIT, ITEMCODE)
values (144, 18, '平衡块重量', '7.9674,7.9674', 'kN', 'balanceWeight');
