/*==============================================================*/
/* 初始化TBL_DEVICETYPEINFO数据                                          */
/*==============================================================*/
insert into TBL_DEVICETYPEINFO (ID, PARENTID, SORTNUM, NAME)
values (1, 9999, 1, '抽油机');

insert into TBL_DEVICETYPEINFO (ID, PARENTID, SORTNUM, NAME)
values (2, 9999, 2, '螺杆泵');

insert into TBL_DEVICETYPEINFO (ID, PARENTID, SORTNUM, NAME)
values (9999, 0, 0, '设备类型根节点');

/*==============================================================*/
/* 初始化tbl_module数据                                          */
/*==============================================================*/
insert into tbl_module (MD_ID, MD_PARENTID, MD_NAME, MD_SHOWNAME, MD_URL, MD_CODE, MD_SEQ, MD_LEVEL, MD_FLAG, MD_ICON, MD_TYPE, MD_CONTROL)
values (9999, 0, '功能导航', '功能导航', '#', 'Navigation', 1, null, null, 'function', 0, '#');

insert into tbl_module (MD_ID, MD_PARENTID, MD_NAME, MD_SHOWNAME, MD_URL, MD_CODE, MD_SEQ, MD_LEVEL, MD_FLAG, MD_ICON, MD_TYPE, MD_CONTROL)
values (1998, 9999, '实时监控', '实时监控', 'AP.view.realTimeMonitoring.RealTimeMonitoringInfoView', 'DeviceRealTimeMonitoring', 1010010, null, null, 'realtime', 0, 'AP.controller.frame.MainIframeControl');

insert into tbl_module (MD_ID, MD_PARENTID, MD_NAME, MD_SHOWNAME, MD_URL, MD_CODE, MD_SEQ, MD_LEVEL, MD_FLAG, MD_ICON, MD_TYPE, MD_CONTROL)
values (2018, 9999, '历史查询', '历史查询', 'AP.view.historyQuery.HistoryQueryInfoView', 'DeviceHistoryQuery', 1020010, null, null, 'history', 0, 'AP.controller.frame.MainIframeControl');

insert into tbl_module (MD_ID, MD_PARENTID, MD_NAME, MD_SHOWNAME, MD_URL, MD_CODE, MD_SEQ, MD_LEVEL, MD_FLAG, MD_ICON, MD_TYPE, MD_CONTROL)
values (2158, 9999, '生产报表', '生产报表', 'AP.view.reportOut.ReportOutDailyReportView', 'DailyReport', 1030010, null, null, 'report', 0, 'AP.controller.frame.MainIframeControl');

insert into tbl_module (MD_ID, MD_PARENTID, MD_NAME, MD_SHOWNAME, MD_URL, MD_CODE, MD_SEQ, MD_LEVEL, MD_FLAG, MD_ICON, MD_TYPE, MD_CONTROL)
values (2058, 9999, '故障查询', '故障查询', 'AP.view.alarmQuery.AlarmQueryInfoView', 'AlarmQuery', 1040010, null, null, 'alarm', 0, 'AP.controller.frame.MainIframeControl');

insert into tbl_module (MD_ID, MD_PARENTID, MD_NAME, MD_SHOWNAME, MD_URL, MD_CODE, MD_SEQ, MD_LEVEL, MD_FLAG, MD_ICON, MD_TYPE, MD_CONTROL)
values (2038, 9999, '设备日志', '设备日志', 'AP.view.log.DeviceOperationLogInfoView', 'DeviceOperationLogQuery', 1050010, null, null, 'log', 0, 'AP.controller.frame.MainIframeControl');

insert into tbl_module (MD_ID, MD_PARENTID, MD_NAME, MD_SHOWNAME, MD_URL, MD_CODE, MD_SEQ, MD_LEVEL, MD_FLAG, MD_ICON, MD_TYPE, MD_CONTROL)
values (2238, 9999, '系统日志', '系统日志', 'AP.view.log.SystemLogInfoView', 'SystemLogQuery', 1060010, null, null, 'log', 0, 'AP.controller.frame.MainIframeControl');

insert into tbl_module (MD_ID, MD_PARENTID, MD_NAME, MD_SHOWNAME, MD_URL, MD_CODE, MD_SEQ, MD_LEVEL, MD_FLAG, MD_ICON, MD_TYPE, MD_CONTROL)
values (2179, 9999, '计算维护', '计算维护', 'AP.view.dataMaintaining.CalculateMaintainingInfoView', 'CalculateMaintaining', 1070010, null, null, 'calculate', 0, '#');

insert into tbl_module (MD_ID, MD_PARENTID, MD_NAME, MD_SHOWNAME, MD_URL, MD_CODE, MD_SEQ, MD_LEVEL, MD_FLAG, MD_ICON, MD_TYPE, MD_CONTROL)
values (1777, 9999, '驱动配置', '驱动配置', 'AP.view.acquisitionUnit.ProtocolConfigInfoView', 'DriverManagement', 1080010, null, null, 'driverConfig', 0, 'AP.controller.acquisitionUnit.AcquisitionUnitInfoControl');

insert into tbl_module (MD_ID, MD_PARENTID, MD_NAME, MD_SHOWNAME, MD_URL, MD_CODE, MD_SEQ, MD_LEVEL, MD_FLAG, MD_ICON, MD_TYPE, MD_CONTROL)
values (27, 9999, '权限管理', '权限管理', '#', 'AuthorityManagement', 2030000, null, null, 'right', 0, 'AP.controller.frame.MainIframeControl');

insert into tbl_module (MD_ID, MD_PARENTID, MD_NAME, MD_SHOWNAME, MD_URL, MD_CODE, MD_SEQ, MD_LEVEL, MD_FLAG, MD_ICON, MD_TYPE, MD_CONTROL)
values (24, 27, '组织用户', '组织用户', 'AP.view.orgAndUser.OrgAndUserInfoView', 'OrganizationAndUserManagement', 2030100, null, null, 'org', 0, 'AP.controller.orgAndUser.OrgAndUserInfoControl');

insert into tbl_module (MD_ID, MD_PARENTID, MD_NAME, MD_SHOWNAME, MD_URL, MD_CODE, MD_SEQ, MD_LEVEL, MD_FLAG, MD_ICON, MD_TYPE, MD_CONTROL)
values (29, 27, '角色管理', '角色管理', 'AP.view.role.RoleInfoView', 'RoleManagement', 2030300, null, null, 'role', 0, 'AP.controller.role.RoleInfoControl');

insert into tbl_module (MD_ID, MD_PARENTID, MD_NAME, MD_SHOWNAME, MD_URL, MD_CODE, MD_SEQ, MD_LEVEL, MD_FLAG, MD_ICON, MD_TYPE, MD_CONTROL)
values (31, 9999, '设备管理', '设备管理', '#', 'DeviceManagement', 2040000, null, null, 'dataConfig', 0, 'AP.controller.frame.MainIframeControl');

insert into tbl_module (MD_ID, MD_PARENTID, MD_NAME, MD_SHOWNAME, MD_URL, MD_CODE, MD_SEQ, MD_LEVEL, MD_FLAG, MD_ICON, MD_TYPE, MD_CONTROL)
values (34, 31, '井名信息', '井名信息', 'AP.view.well.DeviceManagerInfoView', 'WellInformation', 2040100, null, null, 'wellInformation', 0, 'AP.controller.well.WellInfoController');

insert into tbl_module (MD_ID, MD_PARENTID, MD_NAME, MD_SHOWNAME, MD_URL, MD_CODE, MD_SEQ, MD_LEVEL, MD_FLAG, MD_ICON, MD_TYPE, MD_CONTROL)
values (2218, 31, '辅件设备', '辅件设备', 'AP.view.well.AuxiliaryDeviceInfoView', 'AuxiliaryDeviceManager', 2040200, null, null, 'auxiliaryDevice', 0, 'AP.controller.well.WellInfoController');

insert into tbl_module (MD_ID, MD_PARENTID, MD_NAME, MD_SHOWNAME, MD_URL, MD_CODE, MD_SEQ, MD_LEVEL, MD_FLAG, MD_ICON, MD_TYPE, MD_CONTROL)
values (23, 9999, '系统配置', '系统配置', '#', 'SystemManagement', 2090000, null, null, 'system', 0, 'AP.controller.frame.MainIframeControl');

insert into tbl_module (MD_ID, MD_PARENTID, MD_NAME, MD_SHOWNAME, MD_URL, MD_CODE, MD_SEQ, MD_LEVEL, MD_FLAG, MD_ICON, MD_TYPE, MD_CONTROL)
values (26, 23, '模块配置', '模块配置', 'AP.view.module.ModuleInfoView', 'ModuleManagement', 2090100, null, null, 'module', 0, 'AP.controller.module.ModuleInfoControl');

insert into tbl_module (MD_ID, MD_PARENTID, MD_NAME, MD_SHOWNAME, MD_URL, MD_CODE, MD_SEQ, MD_LEVEL, MD_FLAG, MD_ICON, MD_TYPE, MD_CONTROL)
values (894, 23, '字典配置', '字典配置', 'AP.view.data.SystemdataInfoView', 'DataDictionaryManagement', 2090200, null, null, 'dictionary', 0, 'AP.controller.data.SystemdataInfoControl');

/*==============================================================*/
/* 初始化tbl_role数据                                          */
/*==============================================================*/
insert into TBL_ROLE (ROLE_ID, ROLE_NAME, ROLE_LEVEL, SHOWLEVEL, ROLE_VIDEOKEYEDIT, REMARK)
values (1, '超级管理员', 1, 1, 1, '全部权限');

insert into TBL_ROLE (ROLE_ID, ROLE_NAME, ROLE_LEVEL, SHOWLEVEL, ROLE_VIDEOKEYEDIT, REMARK)
values (2, '软件管理员', 2, 1, 1, '数据查询、编辑、权限管理');

insert into TBL_ROLE (ROLE_ID, ROLE_NAME, ROLE_LEVEL, SHOWLEVEL, ROLE_VIDEOKEYEDIT, REMARK)
values (3, '应用分析员', 3, 0, 0, '数据查询');

insert into TBL_ROLE (ROLE_ID, ROLE_NAME, ROLE_LEVEL, SHOWLEVEL, ROLE_VIDEOKEYEDIT, REMARK)
values (4, '一般操作员', 4, 2, 1, null);

/*==============================================================*/
/* 初始化tbl_module2role数据                                          */
/*==============================================================*/
insert into TBL_MODULE2ROLE (RM_ID, RM_MODULEID, RM_ROLEID, RM_MATRIX)
values (1, 9999, 1, '1,0,0');

insert into TBL_MODULE2ROLE (RM_ID, RM_MODULEID, RM_ROLEID, RM_MATRIX)
values (2, 1998, 1, '1,0,1');

insert into TBL_MODULE2ROLE (RM_ID, RM_MODULEID, RM_ROLEID, RM_MATRIX)
values (3, 2018, 1, '1,0,0');

insert into TBL_MODULE2ROLE (RM_ID, RM_MODULEID, RM_ROLEID, RM_MATRIX)
values (4, 2058, 1, '1,0,0');

insert into TBL_MODULE2ROLE (RM_ID, RM_MODULEID, RM_ROLEID, RM_MATRIX)
values (5, 2038, 1, '1,0,0');

insert into TBL_MODULE2ROLE (RM_ID, RM_MODULEID, RM_ROLEID, RM_MATRIX)
values (6, 27, 1, '1,0,0');

insert into TBL_MODULE2ROLE (RM_ID, RM_MODULEID, RM_ROLEID, RM_MATRIX)
values (7, 24, 1, '1,1,0');

insert into TBL_MODULE2ROLE (RM_ID, RM_MODULEID, RM_ROLEID, RM_MATRIX)
values (8, 29, 1, '1,1,0');

insert into TBL_MODULE2ROLE (RM_ID, RM_MODULEID, RM_ROLEID, RM_MATRIX)
values (9, 31, 1, '1,1,0');

insert into TBL_MODULE2ROLE (RM_ID, RM_MODULEID, RM_ROLEID, RM_MATRIX)
values (10, 34, 1, '1,1,0');

insert into TBL_MODULE2ROLE (RM_ID, RM_MODULEID, RM_ROLEID, RM_MATRIX)
values (13, 1777, 1, '1,1,0');

insert into TBL_MODULE2ROLE (RM_ID, RM_MODULEID, RM_ROLEID, RM_MATRIX)
values (14, 23, 1, '1,0,0');

insert into TBL_MODULE2ROLE (RM_ID, RM_MODULEID, RM_ROLEID, RM_MATRIX)
values (15, 26, 1, '1,1,0');

insert into TBL_MODULE2ROLE (RM_ID, RM_MODULEID, RM_ROLEID, RM_MATRIX)
values (16, 894, 1, '1,1,0');

insert into TBL_MODULE2ROLE (RM_ID, RM_MODULEID, RM_ROLEID, RM_MATRIX)
values (17, 2158, 1, '1,1,0');

insert into TBL_MODULE2ROLE (RM_ID, RM_MODULEID, RM_ROLEID, RM_MATRIX)
values (18, 2179, 1, '1,1,0');

insert into TBL_MODULE2ROLE (RM_ID, RM_MODULEID, RM_ROLEID, RM_MATRIX)
values (43, 2218, 1, '1,1,0');

insert into TBL_MODULE2ROLE (RM_ID, RM_MODULEID, RM_ROLEID, RM_MATRIX)
values (123, 2238, 1, '1,0,0');

insert into TBL_MODULE2ROLE (RM_ID, RM_MODULEID, RM_ROLEID, RM_MATRIX)
values (263, 9999, 2, '1,0,0');

insert into TBL_MODULE2ROLE (RM_ID, RM_MODULEID, RM_ROLEID, RM_MATRIX)
values (264, 1998, 2, '1,0,1');

insert into TBL_MODULE2ROLE (RM_ID, RM_MODULEID, RM_ROLEID, RM_MATRIX)
values (265, 2018, 2, '1,0,0');

insert into TBL_MODULE2ROLE (RM_ID, RM_MODULEID, RM_ROLEID, RM_MATRIX)
values (266, 2158, 2, '1,1,0');

insert into TBL_MODULE2ROLE (RM_ID, RM_MODULEID, RM_ROLEID, RM_MATRIX)
values (267, 2058, 2, '1,0,0');

insert into TBL_MODULE2ROLE (RM_ID, RM_MODULEID, RM_ROLEID, RM_MATRIX)
values (268, 2038, 2, '1,0,0');

insert into TBL_MODULE2ROLE (RM_ID, RM_MODULEID, RM_ROLEID, RM_MATRIX)
values (269, 2179, 2, '1,1,0');

insert into TBL_MODULE2ROLE (RM_ID, RM_MODULEID, RM_ROLEID, RM_MATRIX)
values (270, 1777, 2, '1,1,0');

insert into TBL_MODULE2ROLE (RM_ID, RM_MODULEID, RM_ROLEID, RM_MATRIX)
values (271, 27, 2, '1,0,0');

insert into TBL_MODULE2ROLE (RM_ID, RM_MODULEID, RM_ROLEID, RM_MATRIX)
values (272, 24, 2, '1,1,0');

insert into TBL_MODULE2ROLE (RM_ID, RM_MODULEID, RM_ROLEID, RM_MATRIX)
values (273, 29, 2, '1,1,0');

insert into TBL_MODULE2ROLE (RM_ID, RM_MODULEID, RM_ROLEID, RM_MATRIX)
values (274, 31, 2, '1,0,0');

insert into TBL_MODULE2ROLE (RM_ID, RM_MODULEID, RM_ROLEID, RM_MATRIX)
values (275, 34, 2, '1,1,0');

insert into TBL_MODULE2ROLE (RM_ID, RM_MODULEID, RM_ROLEID, RM_MATRIX)
values (276, 2218, 2, '1,1,0');

insert into TBL_MODULE2ROLE (RM_ID, RM_MODULEID, RM_ROLEID, RM_MATRIX)
values (277, 23, 2, '1,0,0');

insert into TBL_MODULE2ROLE (RM_ID, RM_MODULEID, RM_ROLEID, RM_MATRIX)
values (278, 26, 2, '1,0,0');

insert into TBL_MODULE2ROLE (RM_ID, RM_MODULEID, RM_ROLEID, RM_MATRIX)
values (279, 894, 2, '1,0,0');

insert into TBL_MODULE2ROLE (RM_ID, RM_MODULEID, RM_ROLEID, RM_MATRIX)
values (243, 1998, 3, '1,0,0');

insert into TBL_MODULE2ROLE (RM_ID, RM_MODULEID, RM_ROLEID, RM_MATRIX)
values (244, 2018, 3, '1,0,0');

insert into TBL_MODULE2ROLE (RM_ID, RM_MODULEID, RM_ROLEID, RM_MATRIX)
values (245, 2158, 3, '1,0,0');

insert into TBL_MODULE2ROLE (RM_ID, RM_MODULEID, RM_ROLEID, RM_MATRIX)
values (246, 2058, 3, '1,0,0');

insert into TBL_MODULE2ROLE (RM_ID, RM_MODULEID, RM_ROLEID, RM_MATRIX)
values (247, 2038, 3, '1,0,0');

insert into TBL_MODULE2ROLE (RM_ID, RM_MODULEID, RM_ROLEID, RM_MATRIX)
values (248, 26, 3, '1,0,0');

insert into TBL_MODULE2ROLE (RM_ID, RM_MODULEID, RM_ROLEID, RM_MATRIX)
values (249, 894, 3, '1,0,0');

insert into TBL_MODULE2ROLE (RM_ID, RM_MODULEID, RM_ROLEID, RM_MATRIX)
values (280, 1998, 4, '1,0,1');

insert into TBL_MODULE2ROLE (RM_ID, RM_MODULEID, RM_ROLEID, RM_MATRIX)
values (281, 2018, 4, '1,0,0');

insert into TBL_MODULE2ROLE (RM_ID, RM_MODULEID, RM_ROLEID, RM_MATRIX)
values (282, 2158, 4, '1,1,0');

insert into TBL_MODULE2ROLE (RM_ID, RM_MODULEID, RM_ROLEID, RM_MATRIX)
values (283, 2058, 4, '1,0,0');

insert into TBL_MODULE2ROLE (RM_ID, RM_MODULEID, RM_ROLEID, RM_MATRIX)
values (284, 2038, 4, '1,0,0');

insert into TBL_MODULE2ROLE (RM_ID, RM_MODULEID, RM_ROLEID, RM_MATRIX)
values (285, 2179, 4, '1,1,0');

insert into TBL_MODULE2ROLE (RM_ID, RM_MODULEID, RM_ROLEID, RM_MATRIX)
values (286, 1777, 4, '1,1,0');

insert into TBL_MODULE2ROLE (RM_ID, RM_MODULEID, RM_ROLEID, RM_MATRIX)
values (287, 34, 4, '1,1,0');

insert into TBL_MODULE2ROLE (RM_ID, RM_MODULEID, RM_ROLEID, RM_MATRIX)
values (288, 2218, 4, '1,1,0');

/*==============================================================*/
/* 初始化TBL_DEVICETYPE2ROLE数据                                          */
/*==============================================================*/
insert into TBL_DEVICETYPE2ROLE (RD_ID, RD_DEVICETYPEID, RD_ROLEID, RD_MATRIX)
values (1, 1, 1, '0,0,0');

insert into TBL_DEVICETYPE2ROLE (RD_ID, RD_DEVICETYPEID, RD_ROLEID, RD_MATRIX)
values (2, 2, 1, '0,0,0');

insert into TBL_DEVICETYPE2ROLE (RD_ID, RD_DEVICETYPEID, RD_ROLEID, RD_MATRIX)
values (3, 9999, 1, '0,0,0');

insert into TBL_DEVICETYPE2ROLE (RD_ID, RD_DEVICETYPEID, RD_ROLEID, RD_MATRIX)
values (4, 9999, 2, '0,0,0');

insert into TBL_DEVICETYPE2ROLE (RD_ID, RD_DEVICETYPEID, RD_ROLEID, RD_MATRIX)
values (5, 1, 2, '0,0,0');

insert into TBL_DEVICETYPE2ROLE (RD_ID, RD_DEVICETYPEID, RD_ROLEID, RD_MATRIX)
values (6, 2, 2, '0,0,0');

insert into TBL_DEVICETYPE2ROLE (RD_ID, RD_DEVICETYPEID, RD_ROLEID, RD_MATRIX)
values (7, 9999, 3, '0,0,0');

insert into TBL_DEVICETYPE2ROLE (RD_ID, RD_DEVICETYPEID, RD_ROLEID, RD_MATRIX)
values (8, 1, 3, '0,0,0');

insert into TBL_DEVICETYPE2ROLE (RD_ID, RD_DEVICETYPEID, RD_ROLEID, RD_MATRIX)
values (9, 2, 3, '0,0,0');

insert into TBL_DEVICETYPE2ROLE (RD_ID, RD_DEVICETYPEID, RD_ROLEID, RD_MATRIX)
values (10, 9999, 4, '0,0,0');

insert into TBL_DEVICETYPE2ROLE (RD_ID, RD_DEVICETYPEID, RD_ROLEID, RD_MATRIX)
values (11, 1, 4, '0,0,0');

insert into TBL_DEVICETYPE2ROLE (RD_ID, RD_DEVICETYPEID, RD_ROLEID, RD_MATRIX)
values (12, 2, 4, '0,0,0');

/*==============================================================*/
/* 初始化tbl_org数据                                          */
/*==============================================================*/
insert into tbl_org (ORG_ID, ORG_CODE, ORG_NAME, ORG_MEMO, ORG_PARENT, ORG_SEQ)
values (1, '0000', '组织根节点', '组织根节点', 0, null);

/*==============================================================*/
/* 初始化tbl_user数据                                          */
/*==============================================================*/
insert into TBL_USER (USER_NO, USER_ID, USER_PWD, USER_NAME, USER_IN_EMAIL, USER_PHONE, USER_TYPE, USER_ORGID, USER_REGTIME, USER_QUICKLOGIN, USER_ENABLE, USER_RECEIVESMS, USER_RECEIVEMAIL)
values (1, 'system', '3c4c1fed0fb2b548f88eab0fcfe0b425', '超级管理员', null, null, 1, 1, to_date('17-03-2022 14:51:10', 'dd-mm-yyyy hh24:mi:ss'), 0, 1, 0, 0);

insert into TBL_USER (USER_NO, USER_ID, USER_PWD, USER_NAME, USER_IN_EMAIL, USER_PHONE, USER_TYPE, USER_ORGID, USER_REGTIME, USER_QUICKLOGIN, USER_ENABLE, USER_RECEIVESMS, USER_RECEIVEMAIL)
values (2, 'admin', 'e10adc3949ba59abbe56e057f20f883e', '超级管理员', null, null, 1, 1, to_date('17-03-2022 14:51:10', 'dd-mm-yyyy hh24:mi:ss'), 0, 1, 0, 0);