/*==============================================================*/
/* 初始化tbl_code数据                                          */
/*==============================================================*/
insert into TBL_CODE (ID, ITEMCODE, ITEMNAME, ITEMVALUE, TABLECODE, STATE, REMARK)
values (862, 'ACTION', '添加设备', '0', null, null, null);

insert into TBL_CODE (ID, ITEMCODE, ITEMNAME, ITEMVALUE, TABLECODE, STATE, REMARK)
values (863, 'ACTION', '修改设备', '1', null, null, null);

insert into TBL_CODE (ID, ITEMCODE, ITEMNAME, ITEMVALUE, TABLECODE, STATE, REMARK)
values (864, 'ACTION', '删除设备', '2', null, null, null);

insert into TBL_CODE (ID, ITEMCODE, ITEMNAME, ITEMVALUE, TABLECODE, STATE, REMARK)
values (865, 'ACTION', '控制设备', '3', null, null, null);

insert into TBL_CODE (ID, ITEMCODE, ITEMNAME, ITEMVALUE, TABLECODE, STATE, REMARK)
values (1022, 'APPLICATIONSCENARIOS', '煤层气井', '0', null, null, '应用场景');

insert into TBL_CODE (ID, ITEMCODE, ITEMNAME, ITEMVALUE, TABLECODE, STATE, REMARK)
values (1023, 'APPLICATIONSCENARIOS', '油井', '1', null, null, '应用场景');

insert into TBL_CODE (ID, ITEMCODE, ITEMNAME, ITEMVALUE, TABLECODE, STATE, REMARK)
values (475, 'BJJB', '正常', '0', null, null, null);

insert into TBL_CODE (ID, ITEMCODE, ITEMNAME, ITEMVALUE, TABLECODE, STATE, REMARK)
values (259, 'BJJB', '一级报警', '100', null, null, null);

insert into TBL_CODE (ID, ITEMCODE, ITEMNAME, ITEMVALUE, TABLECODE, STATE, REMARK)
values (260, 'BJJB', '二级报警', '200', null, null, null);

insert into TBL_CODE (ID, ITEMCODE, ITEMNAME, ITEMVALUE, TABLECODE, STATE, REMARK)
values (261, 'BJJB', '三级报警', '300', null, null, null);

insert into TBL_CODE (ID, ITEMCODE, ITEMNAME, ITEMVALUE, TABLECODE, STATE, REMARK)
values (506, 'BJJB', '离线', '400', null, null, null);

insert into TBL_CODE (ID, ITEMCODE, ITEMNAME, ITEMVALUE, TABLECODE, STATE, REMARK)
values (250, 'BJLX', '通信报警', '100', null, null, null);

insert into TBL_CODE (ID, ITEMCODE, ITEMNAME, ITEMVALUE, TABLECODE, STATE, REMARK)
values (251, 'BJLX', '采集报警', '200', null, null, null);

insert into TBL_CODE (ID, ITEMCODE, ITEMNAME, ITEMVALUE, TABLECODE, STATE, REMARK)
values (252, 'BJLX', '视频和RFID报警', '300', null, null, null);

insert into TBL_CODE (ID, ITEMCODE, ITEMNAME, ITEMVALUE, TABLECODE, STATE, REMARK)
values (253, 'BJLX', '视频报警', '301', null, null, null);

insert into TBL_CODE (ID, ITEMCODE, ITEMNAME, ITEMVALUE, TABLECODE, STATE, REMARK)
values (254, 'BJLX', 'RFID报警', '302', null, null, null);

insert into TBL_CODE (ID, ITEMCODE, ITEMNAME, ITEMVALUE, TABLECODE, STATE, REMARK)
values (255, 'BJLX', '视频和RFID报警', '303', null, null, null);

insert into TBL_CODE (ID, ITEMCODE, ITEMNAME, ITEMVALUE, TABLECODE, STATE, REMARK)
values (256, 'BJLX', '工况报警', '400', null, null, null);

insert into TBL_CODE (ID, ITEMCODE, ITEMNAME, ITEMVALUE, TABLECODE, STATE, REMARK)
values (257, 'BJLX', '平衡报警', '500', null, null, null);

insert into TBL_CODE (ID, ITEMCODE, ITEMNAME, ITEMVALUE, TABLECODE, STATE, REMARK)
values (258, 'BJLX', '设备报警', '600', null, null, null);

insert into TBL_CODE (ID, ITEMCODE, ITEMNAME, ITEMVALUE, TABLECODE, STATE, REMARK)
values (81, 'BJLX', '载荷传感器报警', '601', null, null, null);

insert into TBL_CODE (ID, ITEMCODE, ITEMNAME, ITEMVALUE, TABLECODE, STATE, REMARK)
values (82, 'BJLX', '压力传感器报警', '602', null, null, null);

insert into TBL_CODE (ID, ITEMCODE, ITEMNAME, ITEMVALUE, TABLECODE, STATE, REMARK)
values (83, 'BJLX', '温度传感器报警', '603', null, null, null);

insert into TBL_CODE (ID, ITEMCODE, ITEMNAME, ITEMVALUE, TABLECODE, STATE, REMARK)
values (61, 'BJLX', '波动报警', '700', null, null, null);

insert into TBL_CODE (ID, ITEMCODE, ITEMNAME, ITEMVALUE, TABLECODE, STATE, REMARK)
values (735, 'BJLX', '电参报警', '800', null, null, null);

insert into TBL_CODE (ID, ITEMCODE, ITEMNAME, ITEMVALUE, TABLECODE, STATE, REMARK)
values (795, 'BJLX', '运行状态报警', '900', null, null, null);

insert into TBL_CODE (ID, ITEMCODE, ITEMNAME, ITEMVALUE, TABLECODE, STATE, REMARK)
values (796, 'BJQJYS', '000000', '0', null, null, null);

insert into TBL_CODE (ID, ITEMCODE, ITEMNAME, ITEMVALUE, TABLECODE, STATE, REMARK)
values (797, 'BJQJYS', 'dc2828', '100', null, null, null);

insert into TBL_CODE (ID, ITEMCODE, ITEMNAME, ITEMVALUE, TABLECODE, STATE, REMARK)
values (798, 'BJQJYS', 'f09614', '200', null, null, null);

insert into TBL_CODE (ID, ITEMCODE, ITEMNAME, ITEMVALUE, TABLECODE, STATE, REMARK)
values (799, 'BJQJYS', 'fae600', '300', null, null, null);

insert into TBL_CODE (ID, ITEMCODE, ITEMNAME, ITEMVALUE, TABLECODE, STATE, REMARK)
values (476, 'BJYS', '00ff00', '0', null, null, null);

insert into TBL_CODE (ID, ITEMCODE, ITEMNAME, ITEMVALUE, TABLECODE, STATE, REMARK)
values (477, 'BJYS', 'dc2828', '100', null, null, null);

insert into TBL_CODE (ID, ITEMCODE, ITEMNAME, ITEMVALUE, TABLECODE, STATE, REMARK)
values (478, 'BJYS', 'f09614', '200', null, null, null);

insert into TBL_CODE (ID, ITEMCODE, ITEMNAME, ITEMVALUE, TABLECODE, STATE, REMARK)
values (479, 'BJYS', 'fae600', '300', null, null, null);

insert into TBL_CODE (ID, ITEMCODE, ITEMNAME, ITEMVALUE, TABLECODE, STATE, REMARK)
values (507, 'BJYS', '#808080', '400', null, null, null);

insert into TBL_CODE (ID, ITEMCODE, ITEMNAME, ITEMVALUE, TABLECODE, STATE, REMARK)
values (804, 'BJYSTMD', '0', '0', null, null, null);

insert into TBL_CODE (ID, ITEMCODE, ITEMNAME, ITEMVALUE, TABLECODE, STATE, REMARK)
values (805, 'BJYSTMD', '0', '100', null, null, null);

insert into TBL_CODE (ID, ITEMCODE, ITEMNAME, ITEMVALUE, TABLECODE, STATE, REMARK)
values (806, 'BJYSTMD', '0', '200', null, null, null);

insert into TBL_CODE (ID, ITEMCODE, ITEMNAME, ITEMVALUE, TABLECODE, STATE, REMARK)
values (807, 'BJYSTMD', '0', '300', null, null, null);

insert into TBL_CODE (ID, ITEMCODE, ITEMNAME, ITEMVALUE, TABLECODE, STATE, REMARK)
values (984, 'BJYSTMD3', '0', '0', null, null, null);

insert into TBL_CODE (ID, ITEMCODE, ITEMNAME, ITEMVALUE, TABLECODE, STATE, REMARK)
values (985, 'BJYSTMD3', '0', '100', null, null, null);

insert into TBL_CODE (ID, ITEMCODE, ITEMNAME, ITEMVALUE, TABLECODE, STATE, REMARK)
values (986, 'BJYSTMD3', '0', '200', null, null, null);

insert into TBL_CODE (ID, ITEMCODE, ITEMNAME, ITEMVALUE, TABLECODE, STATE, REMARK)
values (987, 'BJYSTMD3', '0', '300', null, null, null);

insert into TBL_CODE (ID, ITEMCODE, ITEMNAME, ITEMVALUE, TABLECODE, STATE, REMARK)
values (271, 'BJZT', '正常', '0', null, null, null);

insert into TBL_CODE (ID, ITEMCODE, ITEMNAME, ITEMVALUE, TABLECODE, STATE, REMARK)
values (272, 'BJZT', '报警', '1', null, null, null);

insert into TBL_CODE (ID, ITEMCODE, ITEMNAME, ITEMVALUE, TABLECODE, STATE, REMARK)
values (882, 'DEVICETYPE', '抽油机', '101', null, null, null);

insert into TBL_CODE (ID, ITEMCODE, ITEMNAME, ITEMVALUE, TABLECODE, STATE, REMARK)
values (1044, 'DEVICETYPE', '螺杆泵', '201', null, null, null);

insert into TBL_CODE (ID, ITEMCODE, ITEMNAME, ITEMVALUE, TABLECODE, STATE, REMARK)
values (1047, 'DEVICETYPE', '短信设备', '300', null, null, null);

insert into TBL_CODE (ID, ITEMCODE, ITEMNAME, ITEMVALUE, TABLECODE, STATE, REMARK)
values (838, 'JSBZ', '请求数据读取失败', '-44', null, null, null);

insert into TBL_CODE (ID, ITEMCODE, ITEMNAME, ITEMVALUE, TABLECODE, STATE, REMARK)
values (837, 'JSBZ', '请求数据解码失败', '-55', null, null, null);

insert into TBL_CODE (ID, ITEMCODE, ITEMNAME, ITEMVALUE, TABLECODE, STATE, REMARK)
values (836, 'JSBZ', '井数许可超限', '-66', null, null, null);

insert into TBL_CODE (ID, ITEMCODE, ITEMNAME, ITEMVALUE, TABLECODE, STATE, REMARK)
values (835, 'JSBZ', '计算异常', '-77', null, null, null);

insert into TBL_CODE (ID, ITEMCODE, ITEMNAME, ITEMVALUE, TABLECODE, STATE, REMARK)
values (839, 'JSBZ', '相应数据编码失败', '-88', null, null, null);

insert into TBL_CODE (ID, ITEMCODE, ITEMNAME, ITEMVALUE, TABLECODE, STATE, REMARK)
values (265, 'JSBZ', '数据校验错误', '-99', null, null, null);

insert into TBL_CODE (ID, ITEMCODE, ITEMNAME, ITEMVALUE, TABLECODE, STATE, REMARK)
values (263, 'JSBZ', '未计算', '0', null, null, null);

insert into TBL_CODE (ID, ITEMCODE, ITEMNAME, ITEMVALUE, TABLECODE, STATE, REMARK)
values (264, 'JSBZ', '计算成功', '1', null, null, null);

insert into TBL_CODE (ID, ITEMCODE, ITEMNAME, ITEMVALUE, TABLECODE, STATE, REMARK)
values (179, 'LiftingType', '自喷', '100', null, null, null);

insert into TBL_CODE (ID, ITEMCODE, ITEMNAME, ITEMVALUE, TABLECODE, STATE, REMARK)
values (180, 'LiftingType', '泡排', '101', null, null, null);

insert into TBL_CODE (ID, ITEMCODE, ITEMNAME, ITEMVALUE, TABLECODE, STATE, REMARK)
values (181, 'LiftingType', '抽油机', '200', null, null, null);

insert into TBL_CODE (ID, ITEMCODE, ITEMNAME, ITEMVALUE, TABLECODE, STATE, REMARK)
values (182, 'LiftingType', '常规抽油机', '201', null, null, null);

insert into TBL_CODE (ID, ITEMCODE, ITEMNAME, ITEMVALUE, TABLECODE, STATE, REMARK)
values (183, 'LiftingType', '异相型抽油机', '202', null, null, null);

insert into TBL_CODE (ID, ITEMCODE, ITEMNAME, ITEMVALUE, TABLECODE, STATE, REMARK)
values (184, 'LiftingType', '双驴头抽油机', '203', null, null, null);

insert into TBL_CODE (ID, ITEMCODE, ITEMNAME, ITEMVALUE, TABLECODE, STATE, REMARK)
values (185, 'LiftingType', '下偏杠铃抽油机', '204', null, null, null);

insert into TBL_CODE (ID, ITEMCODE, ITEMNAME, ITEMVALUE, TABLECODE, STATE, REMARK)
values (186, 'LiftingType', '调径变矩抽油机', '205', null, null, null);

insert into TBL_CODE (ID, ITEMCODE, ITEMNAME, ITEMVALUE, TABLECODE, STATE, REMARK)
values (187, 'LiftingType', '立式皮带机', '206', null, null, null);

insert into TBL_CODE (ID, ITEMCODE, ITEMNAME, ITEMVALUE, TABLECODE, STATE, REMARK)
values (188, 'LiftingType', '立式链条机', '207', null, null, null);

insert into TBL_CODE (ID, ITEMCODE, ITEMNAME, ITEMVALUE, TABLECODE, STATE, REMARK)
values (189, 'LiftingType', '直线驱抽油机', '208', null, null, null);

insert into TBL_CODE (ID, ITEMCODE, ITEMNAME, ITEMVALUE, TABLECODE, STATE, REMARK)
values (190, 'LiftingType', '电潜泵', '300', null, null, null);

insert into TBL_CODE (ID, ITEMCODE, ITEMNAME, ITEMVALUE, TABLECODE, STATE, REMARK)
values (191, 'LiftingType', '螺杆泵', '400', null, null, null);

insert into TBL_CODE (ID, ITEMCODE, ITEMNAME, ITEMVALUE, TABLECODE, STATE, REMARK)
values (192, 'LiftingType', '地面驱螺杆泵', '401', null, null, null);

insert into TBL_CODE (ID, ITEMCODE, ITEMNAME, ITEMVALUE, TABLECODE, STATE, REMARK)
values (193, 'LiftingType', '井下驱螺杆泵', '402', null, null, null);

insert into TBL_CODE (ID, ITEMCODE, ITEMNAME, ITEMVALUE, TABLECODE, STATE, REMARK)
values (194, 'LiftingType', '水力活塞泵', '500', null, null, null);

insert into TBL_CODE (ID, ITEMCODE, ITEMNAME, ITEMVALUE, TABLECODE, STATE, REMARK)
values (195, 'LiftingType', '水力射流泵', '600', null, null, null);

insert into TBL_CODE (ID, ITEMCODE, ITEMNAME, ITEMVALUE, TABLECODE, STATE, REMARK)
values (196, 'LiftingType', '气举', '700', null, null, null);

insert into TBL_CODE (ID, ITEMCODE, ITEMNAME, ITEMVALUE, TABLECODE, STATE, REMARK)
values (197, 'LiftingType', '柱塞气举', '701', null, null, null);

insert into TBL_CODE (ID, ITEMCODE, ITEMNAME, ITEMVALUE, TABLECODE, STATE, REMARK)
values (311, 'LiftingType', '其他', '800', null, null, null);

insert into TBL_CODE (ID, ITEMCODE, ITEMNAME, ITEMVALUE, TABLECODE, STATE, REMARK)
values (391, 'MD_TYPE', '启用模块', '0', null, null, null);

insert into TBL_CODE (ID, ITEMCODE, ITEMNAME, ITEMVALUE, TABLECODE, STATE, REMARK)
values (393, 'MD_TYPE', '备用模块', '2', null, null, null);

insert into TBL_CODE (ID, ITEMCODE, ITEMNAME, ITEMVALUE, TABLECODE, STATE, REMARK)
values (371, 'ORG_TYPE', '集团', '0', null, null, null);

insert into TBL_CODE (ID, ITEMCODE, ITEMNAME, ITEMVALUE, TABLECODE, STATE, REMARK)
values (372, 'ORG_TYPE', '局级', '1', null, null, null);

insert into TBL_CODE (ID, ITEMCODE, ITEMNAME, ITEMVALUE, TABLECODE, STATE, REMARK)
values (373, 'ORG_TYPE', '厂级', '2', null, null, null);

insert into TBL_CODE (ID, ITEMCODE, ITEMNAME, ITEMVALUE, TABLECODE, STATE, REMARK)
values (374, 'ORG_TYPE', '矿级', '3', null, null, null);

insert into TBL_CODE (ID, ITEMCODE, ITEMNAME, ITEMVALUE, TABLECODE, STATE, REMARK)
values (375, 'ORG_TYPE', '队级', '4', null, null, null);

insert into TBL_CODE (ID, ITEMCODE, ITEMNAME, ITEMVALUE, TABLECODE, STATE, REMARK)
values (376, 'ORG_TYPE', '工区', '5', null, null, null);

insert into TBL_CODE (ID, ITEMCODE, ITEMNAME, ITEMVALUE, TABLECODE, STATE, REMARK)
values (377, 'ORG_TYPE', '集气站', '6', null, null, null);

insert into TBL_CODE (ID, ITEMCODE, ITEMNAME, ITEMVALUE, TABLECODE, STATE, REMARK)
values (378, 'ORG_TYPE', '其他', '7', null, null, null);

insert into TBL_CODE (ID, ITEMCODE, ITEMNAME, ITEMVALUE, TABLECODE, STATE, REMARK)
values (860, 'PROTOCOL', 'modbus-tcp', '1', null, null, null);

insert into TBL_CODE (ID, ITEMCODE, ITEMNAME, ITEMVALUE, TABLECODE, STATE, REMARK)
values (861, 'PROTOCOL', 'modbus-rtu', '2', null, null, null);

insert into TBL_CODE (ID, ITEMCODE, ITEMNAME, ITEMVALUE, TABLECODE, STATE, REMARK)
values (431, 'ROLE_FLAG', '集团', '1', null, null, null);

insert into TBL_CODE (ID, ITEMCODE, ITEMNAME, ITEMVALUE, TABLECODE, STATE, REMARK)
values (432, 'ROLE_FLAG', '下属部门', '2', null, null, null);

insert into TBL_CODE (ID, ITEMCODE, ITEMNAME, ITEMVALUE, TABLECODE, STATE, REMARK)
values (884, 'SYSTEMACTION', '用户登录', '0', null, null, null);

insert into TBL_CODE (ID, ITEMCODE, ITEMNAME, ITEMVALUE, TABLECODE, STATE, REMARK)
values (885, 'SYSTEMACTION', '用户退出', '1', null, null, null);

insert into TBL_CODE (ID, ITEMCODE, ITEMNAME, ITEMVALUE, TABLECODE, STATE, REMARK)
values (1162, 'SYSTEMACTION', '驱动配置', '2', null, null, null);

insert into TBL_CODE (ID, ITEMCODE, ITEMNAME, ITEMVALUE, TABLECODE, STATE, REMARK)
values (1163, 'SYSTEMACTION', '模块访问', '3', null, null, null);

insert into TBL_CODE (ID, ITEMCODE, ITEMNAME, ITEMVALUE, TABLECODE, STATE, REMARK)
values (1164, 'SYSTEMACTION', '数据导出', '4', null, null, null);

insert into TBL_CODE (ID, ITEMCODE, ITEMNAME, ITEMVALUE, TABLECODE, STATE, REMARK)
values (1104, 'TXBJQJYS', '6c6262', '0', null, null, null);

insert into TBL_CODE (ID, ITEMCODE, ITEMNAME, ITEMVALUE, TABLECODE, STATE, REMARK)
values (1105, 'TXBJQJYS', '00ff00', '1', null, null, null);

insert into TBL_CODE (ID, ITEMCODE, ITEMNAME, ITEMVALUE, TABLECODE, STATE, REMARK)
values (1123, 'TXBJQJYS', 'f09614', '2', null, null, null);

insert into TBL_CODE (ID, ITEMCODE, ITEMNAME, ITEMVALUE, TABLECODE, STATE, REMARK)
values (1062, 'TXBJYS', '6c6262', '0', null, null, null);

insert into TBL_CODE (ID, ITEMCODE, ITEMNAME, ITEMVALUE, TABLECODE, STATE, REMARK)
values (1063, 'TXBJYS', '00ff00', '1', null, null, null);

insert into TBL_CODE (ID, ITEMCODE, ITEMNAME, ITEMVALUE, TABLECODE, STATE, REMARK)
values (1122, 'TXBJYS', 'f09614', '2', null, null, null);

insert into TBL_CODE (ID, ITEMCODE, ITEMNAME, ITEMVALUE, TABLECODE, STATE, REMARK)
values (1066, 'TXBJYSTMD', '0', '0', null, null, null);

insert into TBL_CODE (ID, ITEMCODE, ITEMNAME, ITEMVALUE, TABLECODE, STATE, REMARK)
values (1067, 'TXBJYSTMD', '0', '1', null, null, null);

insert into TBL_CODE (ID, ITEMCODE, ITEMNAME, ITEMVALUE, TABLECODE, STATE, REMARK)
values (1124, 'TXBJYSTMD', '0', '2', null, null, null);

insert into TBL_CODE (ID, ITEMCODE, ITEMNAME, ITEMVALUE, TABLECODE, STATE, REMARK)
values (1002, 'USER_TITLE', '中控室', '0', null, null, null);

insert into TBL_CODE (ID, ITEMCODE, ITEMNAME, ITEMVALUE, TABLECODE, STATE, REMARK)
values (1003, 'USER_TITLE', '工况巡检一组', '1', null, null, null);

insert into TBL_CODE (ID, ITEMCODE, ITEMNAME, ITEMVALUE, TABLECODE, STATE, REMARK)
values (1004, 'USER_TITLE', '工况巡检二组', '2', null, null, null);

insert into TBL_CODE (ID, ITEMCODE, ITEMNAME, ITEMVALUE, TABLECODE, STATE, REMARK)
values (1005, 'USER_TITLE', '工况巡检三组', '3', null, null, null);

insert into TBL_CODE (ID, ITEMCODE, ITEMNAME, ITEMVALUE, TABLECODE, STATE, REMARK)
values (1006, 'USER_TITLE', '工况巡检四组', '4', null, null, null);

insert into TBL_CODE (ID, ITEMCODE, ITEMNAME, ITEMVALUE, TABLECODE, STATE, REMARK)
values (1007, 'USER_TITLE', '其他', '5', null, null, null);

insert into TBL_CODE (ID, ITEMCODE, ITEMNAME, ITEMVALUE, TABLECODE, STATE, REMARK)
values (411, 'USER_TYPE', '数据分析员', '0', null, null, null);

insert into TBL_CODE (ID, ITEMCODE, ITEMNAME, ITEMVALUE, TABLECODE, STATE, REMARK)
values (412, 'USER_TYPE', '系统管理员', '1', null, null, null);

insert into TBL_CODE (ID, ITEMCODE, ITEMNAME, ITEMVALUE, TABLECODE, STATE, REMARK)
values (413, 'USER_TYPE', '数据管理员', '2', null, null, null);

insert into TBL_CODE (ID, ITEMCODE, ITEMNAME, ITEMVALUE, TABLECODE, STATE, REMARK)
values (1064, 'YXBJQJYS', 'dc2828', '0', null, null, null);

insert into TBL_CODE (ID, ITEMCODE, ITEMNAME, ITEMVALUE, TABLECODE, STATE, REMARK)
values (1065, 'YXBJQJYS', '00ff00', '1', null, null, null);

insert into TBL_CODE (ID, ITEMCODE, ITEMNAME, ITEMVALUE, TABLECODE, STATE, REMARK)
values (1143, 'YXBJQJYS', 'f09614', '2', null, null, null);

insert into TBL_CODE (ID, ITEMCODE, ITEMNAME, ITEMVALUE, TABLECODE, STATE, REMARK)
values (1102, 'YXBJYS', 'dc2828', '0', null, null, null);

insert into TBL_CODE (ID, ITEMCODE, ITEMNAME, ITEMVALUE, TABLECODE, STATE, REMARK)
values (1103, 'YXBJYS', '00ff00', '1', null, null, null);

insert into TBL_CODE (ID, ITEMCODE, ITEMNAME, ITEMVALUE, TABLECODE, STATE, REMARK)
values (1142, 'YXBJYS', 'f09614', '2', null, null, null);

insert into TBL_CODE (ID, ITEMCODE, ITEMNAME, ITEMVALUE, TABLECODE, STATE, REMARK)
values (1106, 'YXBJYSTMD', '0', '0', null, null, null);

insert into TBL_CODE (ID, ITEMCODE, ITEMNAME, ITEMVALUE, TABLECODE, STATE, REMARK)
values (1107, 'YXBJYSTMD', '0', '1', null, null, null);

insert into TBL_CODE (ID, ITEMCODE, ITEMNAME, ITEMVALUE, TABLECODE, STATE, REMARK)
values (1144, 'YXBJYSTMD', '0', '2', null, null, null);

insert into TBL_CODE (ID, ITEMCODE, ITEMNAME, ITEMVALUE, TABLECODE, STATE, REMARK)
values (943, 'alarmType', '开关量报警', '0', null, null, null);

insert into TBL_CODE (ID, ITEMCODE, ITEMNAME, ITEMVALUE, TABLECODE, STATE, REMARK)
values (942, 'alarmType', '枚举量报警', '1', null, null, null);

insert into TBL_CODE (ID, ITEMCODE, ITEMNAME, ITEMVALUE, TABLECODE, STATE, REMARK)
values (903, 'alarmType', '数据量报警', '2', null, null, null);

insert into TBL_CODE (ID, ITEMCODE, ITEMNAME, ITEMVALUE, TABLECODE, STATE, REMARK)
values (902, 'alarmType', '通信状态报警', '3', null, null, null);

insert into TBL_CODE (ID, ITEMCODE, ITEMNAME, ITEMVALUE, TABLECODE, STATE, REMARK)
values (1082, 'alarmType', '工况报警', '4', null, null, null);

insert into TBL_CODE (ID, ITEMCODE, ITEMNAME, ITEMVALUE, TABLECODE, STATE, REMARK)
values (1182, 'alarmType', '数据量报警', '5', null, null, null);

insert into TBL_CODE (ID, ITEMCODE, ITEMNAME, ITEMVALUE, TABLECODE, STATE, REMARK)
values (1084, 'alarmType', '运行状态报警', '6', null, null, null);


/*==============================================================*/
/* 初始化TBL_RPC_WORKTYPE数据                                          */
/*==============================================================*/
insert into TBL_RPC_WORKTYPE (ID, RESULTCODE, RESULTNAME, RESULTDESCRIPTION, OPTIMIZATIONSUGGESTION, REMARK)
values (1, 1201, '抽喷', '"图形在下理论载荷线附近，呈条带状；动液面接近于井口；产量较高，接近或大于理论排量。"', ' ', null);

insert into TBL_RPC_WORKTYPE (ID, RESULTCODE, RESULTNAME, RESULTDESCRIPTION, OPTIMIZATIONSUGGESTION, REMARK)
values (2, 1202, '正常', '"图形呈平行四边形；充满系数≥0.6。"', ' ', null);

insert into TBL_RPC_WORKTYPE (ID, RESULTCODE, RESULTNAME, RESULTDESCRIPTION, OPTIMIZATIONSUGGESTION, REMARK)
values (3, 1203, '充满不足', '"图形四角明显呈角度；增、卸载线平行；0.3≤充满系数0.6。"', ' ', null);

insert into TBL_RPC_WORKTYPE (ID, RESULTCODE, RESULTNAME, RESULTDESCRIPTION, OPTIMIZATIONSUGGESTION, REMARK)
values (4, 1204, '供液不足', '"图形四角明显呈角度；0.1≤充满系数0.3；沉没度较低。"', '间抽或降低冲次', null);

insert into TBL_RPC_WORKTYPE (ID, RESULTCODE, RESULTNAME, RESULTDESCRIPTION, OPTIMIZATIONSUGGESTION, REMARK)
values (5, 1205, '供液极差', '"图形下面部分呈角度；充满系数0.1。"', '间抽或降低冲次', null);

insert into TBL_RPC_WORKTYPE (ID, RESULTCODE, RESULTNAME, RESULTDESCRIPTION, OPTIMIZATIONSUGGESTION, REMARK)
values (6, 1206, '抽空', '"图形呈条状；产量为零。"', '间抽或降低冲次', null);

insert into TBL_RPC_WORKTYPE (ID, RESULTCODE, RESULTNAME, RESULTDESCRIPTION, OPTIMIZATIONSUGGESTION, REMARK)
values (7, 1207, '泵下堵', '"充满系数0.3；沉没度较高。"', '洗井或加药', null);

insert into TBL_RPC_WORKTYPE (ID, RESULTCODE, RESULTNAME, RESULTDESCRIPTION, OPTIMIZATIONSUGGESTION, REMARK)
values (8, 1208, '气锁', '"图形靠近上理论载荷线；增、卸载过程缓慢，卸载线平缓；产量为零。"', '合理控制气体', null);

insert into TBL_RPC_WORKTYPE (ID, RESULTCODE, RESULTNAME, RESULTDESCRIPTION, OPTIMIZATIONSUGGESTION, REMARK)
values (9, 1209, '气影响', '"图形四角圆滑呈弧度，气油比越高，圆弧的曲率半径越大；增载缓慢，增、卸载线不明显。"', '合理控制气体', null);

insert into TBL_RPC_WORKTYPE (ID, RESULTCODE, RESULTNAME, RESULTDESCRIPTION, OPTIMIZATIONSUGGESTION, REMARK)
values (10, 1210, '间隙漏', '"图形上部分倾斜；图形上、下载荷线不平行。"', '检泵', null);

insert into TBL_RPC_WORKTYPE (ID, RESULTCODE, RESULTNAME, RESULTDESCRIPTION, OPTIMIZATIONSUGGESTION, REMARK)
values (11, 1211, '油管漏', '"图形呈条带状；图形在下理论载荷线附近；产量下降。"', '油管打压试验', null);

insert into TBL_RPC_WORKTYPE (ID, RESULTCODE, RESULTNAME, RESULTDESCRIPTION, OPTIMIZATIONSUGGESTION, REMARK)
values (12, 1212, '游动凡尔漏失', '"图形上部分圆滑、缺损；上载荷线低于上理论载荷线；增载过程缓慢，卸载提前。"', '洗井、碰泵或检泵', null);

insert into TBL_RPC_WORKTYPE (ID, RESULTCODE, RESULTNAME, RESULTDESCRIPTION, OPTIMIZATIONSUGGESTION, REMARK)
values (13, 1213, '固定凡尔漏失', '"图形下部分圆滑、缺损；下载荷线高于下理论载荷线；增载提前，卸载过程缓慢。"', '洗井、碰泵或检泵', null);

insert into TBL_RPC_WORKTYPE (ID, RESULTCODE, RESULTNAME, RESULTDESCRIPTION, OPTIMIZATIONSUGGESTION, REMARK)
values (14, 1214, '双凡尔漏失', '"图形呈椭圆状；图形在上、下理论载荷线之间；漏失严重时，油井不出油。"', '洗井、碰泵或检泵', null);

insert into TBL_RPC_WORKTYPE (ID, RESULTCODE, RESULTNAME, RESULTDESCRIPTION, OPTIMIZATIONSUGGESTION, REMARK)
values (15, 1215, '游动凡尔失灵/油管漏', '"图形呈条带状；图形在下理论载荷线附近；产量为零。"', '洗井、碰泵或检泵/打压、更换油管', null);

insert into TBL_RPC_WORKTYPE (ID, RESULTCODE, RESULTNAME, RESULTDESCRIPTION, OPTIMIZATIONSUGGESTION, REMARK)
values (16, 1216, '固定凡尔失灵', '"图形呈条带状；图形在上理论载荷线附近；产量为零。"', '洗井、碰泵或检泵', null);

insert into TBL_RPC_WORKTYPE (ID, RESULTCODE, RESULTNAME, RESULTDESCRIPTION, OPTIMIZATIONSUGGESTION, REMARK)
values (17, 1217, '双凡尔失灵', '"图形呈条带状；图形在上、下理论载荷线之间；产量为零。"', '洗井、碰泵或检泵', null);

insert into TBL_RPC_WORKTYPE (ID, RESULTCODE, RESULTNAME, RESULTDESCRIPTION, OPTIMIZATIONSUGGESTION, REMARK)
values (18, 1218, '上死点别、碰', '"图形右上角凸起。"', '校正井口设备', null);

insert into TBL_RPC_WORKTYPE (ID, RESULTCODE, RESULTNAME, RESULTDESCRIPTION, OPTIMIZATIONSUGGESTION, REMARK)
values (19, 1219, '碰泵', '"图形左下角拖尾。"', '上提（增大）防冲距', null);

insert into TBL_RPC_WORKTYPE (ID, RESULTCODE, RESULTNAME, RESULTDESCRIPTION, OPTIMIZATIONSUGGESTION, REMARK)
values (20, 1220, '活塞/底部断脱/未入工作筒', '"图形呈条带状；图形在下理论载荷线附近；产量为零。"', '检泵/下放（缩小）防冲距', null);

insert into TBL_RPC_WORKTYPE (ID, RESULTCODE, RESULTNAME, RESULTDESCRIPTION, OPTIMIZATIONSUGGESTION, REMARK)
values (21, 1221, '柱塞脱出工作筒', '"图形右边缺损；右下角拖尾；增载过程中突然卸载。"', '下放（缩小）防冲距', null);

insert into TBL_RPC_WORKTYPE (ID, RESULTCODE, RESULTNAME, RESULTDESCRIPTION, OPTIMIZATIONSUGGESTION, REMARK)
values (22, 1222, '杆断脱', '"图形呈条带状，两端尖；图形在下理论载荷线下方，断杆位置距井口越近图形越下移；产量突然为零。"', '替换抽油杆', null);

insert into TBL_RPC_WORKTYPE (ID, RESULTCODE, RESULTNAME, RESULTDESCRIPTION, OPTIMIZATIONSUGGESTION, REMARK)
values (23, 1223, '杆(泵)卡', '"图形呈斜条带状；可通过图形拐点找到被卡位置；油井不出油。"', '洗井或检泵', null);

insert into TBL_RPC_WORKTYPE (ID, RESULTCODE, RESULTNAME, RESULTDESCRIPTION, OPTIMIZATIONSUGGESTION, REMARK)
values (24, 1224, '结蜡', '"图形肥大；产量下降。"', '洗井或加药', null);

insert into TBL_RPC_WORKTYPE (ID, RESULTCODE, RESULTNAME, RESULTDESCRIPTION, OPTIMIZATIONSUGGESTION, REMARK)
values (25, 1225, '严重结蜡', null, '洗井或加药', null);

insert into TBL_RPC_WORKTYPE (ID, RESULTCODE, RESULTNAME, RESULTDESCRIPTION, OPTIMIZATIONSUGGESTION, REMARK)
values (26, 1226, '出砂', '"图形呈不规则、不重复的锯齿状；油井出油正常。"', '防砂', null);

insert into TBL_RPC_WORKTYPE (ID, RESULTCODE, RESULTNAME, RESULTDESCRIPTION, OPTIMIZATIONSUGGESTION, REMARK)
values (27, 1227, '严重出砂', null, '防砂', null);

insert into TBL_RPC_WORKTYPE (ID, RESULTCODE, RESULTNAME, RESULTDESCRIPTION, OPTIMIZATIONSUGGESTION, REMARK)
values (30, 1230, '惯性载荷大', '"图形顺时针偏转。"', '降低冲次', null);

insert into TBL_RPC_WORKTYPE (ID, RESULTCODE, RESULTNAME, RESULTDESCRIPTION, OPTIMIZATIONSUGGESTION, REMARK)
values (31, 1231, '应力超标', null, '优化抽油杆柱组合', null);

insert into TBL_RPC_WORKTYPE (ID, RESULTCODE, RESULTNAME, RESULTDESCRIPTION, OPTIMIZATIONSUGGESTION, REMARK)
values (32, 1232, '采集异常', null, '检查采集仪表', null);

insert into TBL_RPC_WORKTYPE (ID, RESULTCODE, RESULTNAME, RESULTDESCRIPTION, OPTIMIZATIONSUGGESTION, REMARK)
values (33, 1302, '停抽', null, null, null);

/*==============================================================*/
/* 初始化TBL_AUXILIARYDEVICE数据                                          */
/*==============================================================*/
insert into TBL_AUXILIARYDEVICE (ID, NAME, TYPE, MODEL, SORT, REMARK, MANUFACTURER, SPECIFICTYPE)
values (22, '抽油机', 1, 'CYJY3-1.4-6.5HB', 1, 'XXXXX', '大庆', 1);

insert into TBL_AUXILIARYDEVICE (ID, NAME, TYPE, MODEL, SORT, REMARK, MANUFACTURER, SPECIFICTYPE)
values (82, '抽油机', 1, 'CYJY5-2.5-26HB', 2, '大庆-CYJY5-2.5-26HB', '大庆', 1);

insert into TBL_AUXILIARYDEVICE (ID, NAME, TYPE, MODEL, SORT, REMARK, MANUFACTURER, SPECIFICTYPE)
values (83, '抽油机', 1, 'CYJ6-2.5-26HB', 3, '大庆-CYJ6-2.5-26HB', '大庆', 1);

insert into TBL_AUXILIARYDEVICE (ID, NAME, TYPE, MODEL, SORT, REMARK, MANUFACTURER, SPECIFICTYPE)
values (102, '抽油机', 1, 'CYJY6-2.5-26HB', 4, '大庆-CYJY6-2.5-26HB', '大庆', 1);

insert into TBL_AUXILIARYDEVICE (ID, NAME, TYPE, MODEL, SORT, REMARK, MANUFACTURER, SPECIFICTYPE)
values (103, '抽油机', 1, 'CYJ8-3-37HB', 5, '大庆-CYJ8-3-37HB', '大庆', 1);

insert into TBL_AUXILIARYDEVICE (ID, NAME, TYPE, MODEL, SORT, REMARK, MANUFACTURER, SPECIFICTYPE)
values (104, '抽油机', 1, 'CYJY8-3-37HB', 6, '大庆-CYJY8-3-37HB', '大庆', 1);

insert into TBL_AUXILIARYDEVICE (ID, NAME, TYPE, MODEL, SORT, REMARK, MANUFACTURER, SPECIFICTYPE)
values (105, '抽油机', 1, 'CYJ10-3-37HB', 7, '大庆-CYJ10-3-37HB', '大庆', 1);

insert into TBL_AUXILIARYDEVICE (ID, NAME, TYPE, MODEL, SORT, REMARK, MANUFACTURER, SPECIFICTYPE)
values (106, '抽油机', 1, 'CYJY10-3-37HB', 8, '大庆-CYJY10-3-37HB', '大庆', 1);

insert into TBL_AUXILIARYDEVICE (ID, NAME, TYPE, MODEL, SORT, REMARK, MANUFACTURER, SPECIFICTYPE)
values (107, '抽油机', 1, 'CYJ10-3-53HB', 9, '大庆-CYJ10-3-53HB', '大庆', 1);

insert into TBL_AUXILIARYDEVICE (ID, NAME, TYPE, MODEL, SORT, REMARK, MANUFACTURER, SPECIFICTYPE)
values (108, '抽油机', 1, 'CYJY10-3-53HB', 10, '大庆-CYJY10-3-53HB', '大庆', 1);

insert into TBL_AUXILIARYDEVICE (ID, NAME, TYPE, MODEL, SORT, REMARK, MANUFACTURER, SPECIFICTYPE)
values (109, '抽油机', 1, 'CYJY10-4.2-53HB', 11, '大庆-CYJY10-4.2-53HB', '大庆', 1);

insert into TBL_AUXILIARYDEVICE (ID, NAME, TYPE, MODEL, SORT, REMARK, MANUFACTURER, SPECIFICTYPE)
values (110, '抽油机', 1, 'CYJY12-3-53HB', 12, '大庆-CYJY12-3-53HB', '大庆', 1);

insert into TBL_AUXILIARYDEVICE (ID, NAME, TYPE, MODEL, SORT, REMARK, MANUFACTURER, SPECIFICTYPE)
values (111, '抽油机', 1, 'CYJY12-4.2-73HB', 13, '大庆-CYJY12-4.2-73HB', '大庆', 1);

insert into TBL_AUXILIARYDEVICE (ID, NAME, TYPE, MODEL, SORT, REMARK, MANUFACTURER, SPECIFICTYPE)
values (112, '抽油机', 1, 'CYJY14-5.5-73HF', 14, '大庆-CYJY14-5.5-73HF', '大庆', 1);

insert into TBL_AUXILIARYDEVICE (ID, NAME, TYPE, MODEL, SORT, REMARK, MANUFACTURER, SPECIFICTYPE)
values (113, '抽油机', 1, 'CYJY14-6-73HF', 15, '大庆-CYJY14-6-73HF', '大庆', 1);

insert into TBL_AUXILIARYDEVICE (ID, NAME, TYPE, MODEL, SORT, REMARK, MANUFACTURER, SPECIFICTYPE)
values (114, '抽油机', 1, 'CYJY14-5.5-89H', 16, '大庆-CYJY14-5.5-89H', '大庆', 1);

insert into TBL_AUXILIARYDEVICE (ID, NAME, TYPE, MODEL, SORT, REMARK, MANUFACTURER, SPECIFICTYPE)
values (115, '抽油机', 1, 'CYJY14-6-89HF', 17, '大庆-CYJY14-6-89HF', '大庆', 1);

insert into TBL_AUXILIARYDEVICE (ID, NAME, TYPE, MODEL, SORT, REMARK, MANUFACTURER, SPECIFICTYPE)
values (116, '抽油机', 1, 'CYJS8-3-37HB', 18, '大庆-CYJS8-3-37HB', '大庆', 1);

/*==============================================================*/
/* 初始化TBL_AUXILIARYDEVICEADDINFO数据                                          */
/*==============================================================*/
insert into TBL_AUXILIARYDEVICEADDINFO (ID, DEVICEID, ITEMNAME, ITEMVALUE, ITEMUNIT)
values (50, 22, '冲程', '1.4,1.2,1,0.8', 'm');

insert into TBL_AUXILIARYDEVICEADDINFO (ID, DEVICEID, ITEMNAME, ITEMVALUE, ITEMUNIT)
values (51, 22, '旋转方向', 'Clockwise', null);

insert into TBL_AUXILIARYDEVICEADDINFO (ID, DEVICEID, ITEMNAME, ITEMVALUE, ITEMUNIT)
values (52, 22, '曲柄偏置角', '-14', '°');

insert into TBL_AUXILIARYDEVICEADDINFO (ID, DEVICEID, ITEMNAME, ITEMVALUE, ITEMUNIT)
values (53, 22, '曲柄重心半径', '0.5194', 'm');

insert into TBL_AUXILIARYDEVICEADDINFO (ID, DEVICEID, ITEMNAME, ITEMVALUE, ITEMUNIT)
values (54, 22, '单块曲柄重量', '1.617', 'kN');

insert into TBL_AUXILIARYDEVICEADDINFO (ID, DEVICEID, ITEMNAME, ITEMVALUE, ITEMUNIT)
values (55, 22, '单块曲柄销重量', '0.1486', 'kN');

insert into TBL_AUXILIARYDEVICEADDINFO (ID, DEVICEID, ITEMNAME, ITEMVALUE, ITEMUNIT)
values (56, 22, '结构不平衡重', '0.7056', 'kN');

insert into TBL_AUXILIARYDEVICEADDINFO (ID, DEVICEID, ITEMNAME, ITEMVALUE, ITEMUNIT)
values (57, 22, '平衡块重量', '2.646', 'kN');

insert into TBL_AUXILIARYDEVICEADDINFO (ID, DEVICEID, ITEMNAME, ITEMVALUE, ITEMUNIT)
values (58, 82, '冲程', '2.5,2.1,1.8', 'm');

insert into TBL_AUXILIARYDEVICEADDINFO (ID, DEVICEID, ITEMNAME, ITEMVALUE, ITEMUNIT)
values (59, 82, '旋转方向', 'Clockwise', null);

insert into TBL_AUXILIARYDEVICEADDINFO (ID, DEVICEID, ITEMNAME, ITEMVALUE, ITEMUNIT)
values (60, 82, '曲柄偏置角', '-8', '°');

insert into TBL_AUXILIARYDEVICEADDINFO (ID, DEVICEID, ITEMNAME, ITEMVALUE, ITEMUNIT)
values (61, 82, '曲柄重心半径', '0.65', 'm');

insert into TBL_AUXILIARYDEVICEADDINFO (ID, DEVICEID, ITEMNAME, ITEMVALUE, ITEMUNIT)
values (62, 82, '单块曲柄重量', '9.5', 'kN');

insert into TBL_AUXILIARYDEVICEADDINFO (ID, DEVICEID, ITEMNAME, ITEMVALUE, ITEMUNIT)
values (63, 82, '单块曲柄销重量', '0.706', 'kN');

insert into TBL_AUXILIARYDEVICEADDINFO (ID, DEVICEID, ITEMNAME, ITEMVALUE, ITEMUNIT)
values (64, 82, '结构不平衡重', '1.4', 'kN');

insert into TBL_AUXILIARYDEVICEADDINFO (ID, DEVICEID, ITEMNAME, ITEMVALUE, ITEMUNIT)
values (65, 82, '平衡块重量', '7.71', 'kN');

insert into TBL_AUXILIARYDEVICEADDINFO (ID, DEVICEID, ITEMNAME, ITEMVALUE, ITEMUNIT)
values (66, 83, '冲程', '2.5,2.1,1.7,1.4,1', 'm');

insert into TBL_AUXILIARYDEVICEADDINFO (ID, DEVICEID, ITEMNAME, ITEMVALUE, ITEMUNIT)
values (67, 83, '旋转方向', 'Anticlockwise', null);

insert into TBL_AUXILIARYDEVICEADDINFO (ID, DEVICEID, ITEMNAME, ITEMVALUE, ITEMUNIT)
values (68, 83, '曲柄偏置角', '0', '°');

insert into TBL_AUXILIARYDEVICEADDINFO (ID, DEVICEID, ITEMNAME, ITEMVALUE, ITEMUNIT)
values (69, 83, '曲柄重心半径', '0.7', 'm');

insert into TBL_AUXILIARYDEVICEADDINFO (ID, DEVICEID, ITEMNAME, ITEMVALUE, ITEMUNIT)
values (70, 83, '单块曲柄重量', '9', 'kN');

insert into TBL_AUXILIARYDEVICEADDINFO (ID, DEVICEID, ITEMNAME, ITEMVALUE, ITEMUNIT)
values (71, 83, '单块曲柄销重量', '0.679', 'kN');

insert into TBL_AUXILIARYDEVICEADDINFO (ID, DEVICEID, ITEMNAME, ITEMVALUE, ITEMUNIT)
values (72, 83, '结构不平衡重', '2', 'kN');

insert into TBL_AUXILIARYDEVICEADDINFO (ID, DEVICEID, ITEMNAME, ITEMVALUE, ITEMUNIT)
values (73, 83, '平衡块重量', '7.71', 'kN');

insert into TBL_AUXILIARYDEVICEADDINFO (ID, DEVICEID, ITEMNAME, ITEMVALUE, ITEMUNIT)
values (117, 102, '冲程', '2.5,2.1,1.8', 'm');

insert into TBL_AUXILIARYDEVICEADDINFO (ID, DEVICEID, ITEMNAME, ITEMVALUE, ITEMUNIT)
values (118, 102, '旋转方向', 'Clockwise', null);

insert into TBL_AUXILIARYDEVICEADDINFO (ID, DEVICEID, ITEMNAME, ITEMVALUE, ITEMUNIT)
values (119, 102, '曲柄偏置角', '-8', '°');

insert into TBL_AUXILIARYDEVICEADDINFO (ID, DEVICEID, ITEMNAME, ITEMVALUE, ITEMUNIT)
values (120, 102, '曲柄重心半径', '0.65', 'm');

insert into TBL_AUXILIARYDEVICEADDINFO (ID, DEVICEID, ITEMNAME, ITEMVALUE, ITEMUNIT)
values (121, 102, '单块曲柄重量', '9.5', 'kN');

insert into TBL_AUXILIARYDEVICEADDINFO (ID, DEVICEID, ITEMNAME, ITEMVALUE, ITEMUNIT)
values (122, 102, '单块曲柄销重量', '0.706', 'kN');

insert into TBL_AUXILIARYDEVICEADDINFO (ID, DEVICEID, ITEMNAME, ITEMVALUE, ITEMUNIT)
values (123, 102, '结构不平衡重', '1.4', 'kN');

insert into TBL_AUXILIARYDEVICEADDINFO (ID, DEVICEID, ITEMNAME, ITEMVALUE, ITEMUNIT)
values (124, 102, '平衡块重量', '7.71', 'kN');

insert into TBL_AUXILIARYDEVICEADDINFO (ID, DEVICEID, ITEMNAME, ITEMVALUE, ITEMUNIT)
values (125, 103, '冲程', '3,2.5,2.1', 'm');

insert into TBL_AUXILIARYDEVICEADDINFO (ID, DEVICEID, ITEMNAME, ITEMVALUE, ITEMUNIT)
values (126, 103, '旋转方向', 'Anticlockwise', null);

insert into TBL_AUXILIARYDEVICEADDINFO (ID, DEVICEID, ITEMNAME, ITEMVALUE, ITEMUNIT)
values (127, 103, '曲柄偏置角', '0', '°');

insert into TBL_AUXILIARYDEVICEADDINFO (ID, DEVICEID, ITEMNAME, ITEMVALUE, ITEMUNIT)
values (128, 103, '曲柄重心半径', '0.75', 'm');

insert into TBL_AUXILIARYDEVICEADDINFO (ID, DEVICEID, ITEMNAME, ITEMVALUE, ITEMUNIT)
values (129, 103, '单块曲柄重量', '10', 'kN');

insert into TBL_AUXILIARYDEVICEADDINFO (ID, DEVICEID, ITEMNAME, ITEMVALUE, ITEMUNIT)
values (130, 103, '单块曲柄销重量', '0.679', 'kN');

insert into TBL_AUXILIARYDEVICEADDINFO (ID, DEVICEID, ITEMNAME, ITEMVALUE, ITEMUNIT)
values (131, 103, '结构不平衡重', '2.25', 'kN');

insert into TBL_AUXILIARYDEVICEADDINFO (ID, DEVICEID, ITEMNAME, ITEMVALUE, ITEMUNIT)
values (132, 103, '平衡块重量', '12.6', 'kN');

insert into TBL_AUXILIARYDEVICEADDINFO (ID, DEVICEID, ITEMNAME, ITEMVALUE, ITEMUNIT)
values (133, 104, '冲程', '3,2.5,2.1', 'm');

insert into TBL_AUXILIARYDEVICEADDINFO (ID, DEVICEID, ITEMNAME, ITEMVALUE, ITEMUNIT)
values (134, 104, '旋转方向', 'Clockwise', null);

insert into TBL_AUXILIARYDEVICEADDINFO (ID, DEVICEID, ITEMNAME, ITEMVALUE, ITEMUNIT)
values (135, 104, '曲柄偏置角', '-8', '°');

insert into TBL_AUXILIARYDEVICEADDINFO (ID, DEVICEID, ITEMNAME, ITEMVALUE, ITEMUNIT)
values (136, 104, '曲柄重心半径', '0.77', 'm');

insert into TBL_AUXILIARYDEVICEADDINFO (ID, DEVICEID, ITEMNAME, ITEMVALUE, ITEMUNIT)
values (137, 104, '单块曲柄重量', '12', 'kN');

insert into TBL_AUXILIARYDEVICEADDINFO (ID, DEVICEID, ITEMNAME, ITEMVALUE, ITEMUNIT)
values (138, 104, '单块曲柄销重量', '0.706', 'kN');

insert into TBL_AUXILIARYDEVICEADDINFO (ID, DEVICEID, ITEMNAME, ITEMVALUE, ITEMUNIT)
values (139, 104, '结构不平衡重', '-0.5', 'kN');

insert into TBL_AUXILIARYDEVICEADDINFO (ID, DEVICEID, ITEMNAME, ITEMVALUE, ITEMUNIT)
values (140, 104, '平衡块重量', '12.6,11.25', 'kN');

insert into TBL_AUXILIARYDEVICEADDINFO (ID, DEVICEID, ITEMNAME, ITEMVALUE, ITEMUNIT)
values (141, 105, '冲程', '3,2.5,2.1', 'm');

insert into TBL_AUXILIARYDEVICEADDINFO (ID, DEVICEID, ITEMNAME, ITEMVALUE, ITEMUNIT)
values (142, 105, '旋转方向', 'Anticlockwise', null);

insert into TBL_AUXILIARYDEVICEADDINFO (ID, DEVICEID, ITEMNAME, ITEMVALUE, ITEMUNIT)
values (143, 105, '曲柄偏置角', '0', '°');

insert into TBL_AUXILIARYDEVICEADDINFO (ID, DEVICEID, ITEMNAME, ITEMVALUE, ITEMUNIT)
values (144, 105, '曲柄重心半径', '0.75', 'm');

insert into TBL_AUXILIARYDEVICEADDINFO (ID, DEVICEID, ITEMNAME, ITEMVALUE, ITEMUNIT)
values (145, 105, '单块曲柄重量', '10', 'kN');

insert into TBL_AUXILIARYDEVICEADDINFO (ID, DEVICEID, ITEMNAME, ITEMVALUE, ITEMUNIT)
values (146, 105, '单块曲柄销重量', '0.679', 'kN');

insert into TBL_AUXILIARYDEVICEADDINFO (ID, DEVICEID, ITEMNAME, ITEMVALUE, ITEMUNIT)
values (147, 105, '结构不平衡重', '2.25', 'kN');

insert into TBL_AUXILIARYDEVICEADDINFO (ID, DEVICEID, ITEMNAME, ITEMVALUE, ITEMUNIT)
values (148, 105, '平衡块重量', '12.6', 'kN');

insert into TBL_AUXILIARYDEVICEADDINFO (ID, DEVICEID, ITEMNAME, ITEMVALUE, ITEMUNIT)
values (149, 106, '冲程', '3,2.5,2.1', 'm');

insert into TBL_AUXILIARYDEVICEADDINFO (ID, DEVICEID, ITEMNAME, ITEMVALUE, ITEMUNIT)
values (150, 106, '旋转方向', 'Clockwise', null);

insert into TBL_AUXILIARYDEVICEADDINFO (ID, DEVICEID, ITEMNAME, ITEMVALUE, ITEMUNIT)
values (151, 106, '曲柄偏置角', '-8', '°');

insert into TBL_AUXILIARYDEVICEADDINFO (ID, DEVICEID, ITEMNAME, ITEMVALUE, ITEMUNIT)
values (152, 106, '曲柄重心半径', '0.77', 'm');

insert into TBL_AUXILIARYDEVICEADDINFO (ID, DEVICEID, ITEMNAME, ITEMVALUE, ITEMUNIT)
values (153, 106, '单块曲柄重量', '12', 'kN');

insert into TBL_AUXILIARYDEVICEADDINFO (ID, DEVICEID, ITEMNAME, ITEMVALUE, ITEMUNIT)
values (154, 106, '单块曲柄销重量', '0.706', 'kN');

insert into TBL_AUXILIARYDEVICEADDINFO (ID, DEVICEID, ITEMNAME, ITEMVALUE, ITEMUNIT)
values (155, 106, '结构不平衡重', '-0.5', 'kN');

insert into TBL_AUXILIARYDEVICEADDINFO (ID, DEVICEID, ITEMNAME, ITEMVALUE, ITEMUNIT)
values (156, 106, '平衡块重量', '12.6,11.25', 'kN');

insert into TBL_AUXILIARYDEVICEADDINFO (ID, DEVICEID, ITEMNAME, ITEMVALUE, ITEMUNIT)
values (157, 107, '冲程', '3,2.5,2.1', 'm');

insert into TBL_AUXILIARYDEVICEADDINFO (ID, DEVICEID, ITEMNAME, ITEMVALUE, ITEMUNIT)
values (158, 107, '旋转方向', 'Anticlockwise', null);

insert into TBL_AUXILIARYDEVICEADDINFO (ID, DEVICEID, ITEMNAME, ITEMVALUE, ITEMUNIT)
values (159, 107, '曲柄偏置角', '0', '°');

insert into TBL_AUXILIARYDEVICEADDINFO (ID, DEVICEID, ITEMNAME, ITEMVALUE, ITEMUNIT)
values (160, 107, '曲柄重心半径', '0.75', 'm');

insert into TBL_AUXILIARYDEVICEADDINFO (ID, DEVICEID, ITEMNAME, ITEMVALUE, ITEMUNIT)
values (161, 107, '单块曲柄重量', '10', 'kN');

insert into TBL_AUXILIARYDEVICEADDINFO (ID, DEVICEID, ITEMNAME, ITEMVALUE, ITEMUNIT)
values (162, 107, '单块曲柄销重量', '0.679', 'kN');

insert into TBL_AUXILIARYDEVICEADDINFO (ID, DEVICEID, ITEMNAME, ITEMVALUE, ITEMUNIT)
values (163, 107, '结构不平衡重', '2.25', 'kN');

insert into TBL_AUXILIARYDEVICEADDINFO (ID, DEVICEID, ITEMNAME, ITEMVALUE, ITEMUNIT)
values (164, 107, '平衡块重量', '12.6', 'kN');

insert into TBL_AUXILIARYDEVICEADDINFO (ID, DEVICEID, ITEMNAME, ITEMVALUE, ITEMUNIT)
values (165, 108, '冲程', '3,2.5,2.1', 'm');

insert into TBL_AUXILIARYDEVICEADDINFO (ID, DEVICEID, ITEMNAME, ITEMVALUE, ITEMUNIT)
values (166, 108, '旋转方向', 'Clockwise', null);

insert into TBL_AUXILIARYDEVICEADDINFO (ID, DEVICEID, ITEMNAME, ITEMVALUE, ITEMUNIT)
values (167, 108, '曲柄偏置角', '-8', '°');

insert into TBL_AUXILIARYDEVICEADDINFO (ID, DEVICEID, ITEMNAME, ITEMVALUE, ITEMUNIT)
values (168, 108, '曲柄重心半径', '0.77', 'm');

insert into TBL_AUXILIARYDEVICEADDINFO (ID, DEVICEID, ITEMNAME, ITEMVALUE, ITEMUNIT)
values (169, 108, '单块曲柄重量', '12', 'kN');

insert into TBL_AUXILIARYDEVICEADDINFO (ID, DEVICEID, ITEMNAME, ITEMVALUE, ITEMUNIT)
values (170, 108, '单块曲柄销重量', '0.706', 'kN');

insert into TBL_AUXILIARYDEVICEADDINFO (ID, DEVICEID, ITEMNAME, ITEMVALUE, ITEMUNIT)
values (171, 108, '结构不平衡重', '-0.5', 'kN');

insert into TBL_AUXILIARYDEVICEADDINFO (ID, DEVICEID, ITEMNAME, ITEMVALUE, ITEMUNIT)
values (172, 108, '平衡块重量', '12.6,11.25', 'kN');

insert into TBL_AUXILIARYDEVICEADDINFO (ID, DEVICEID, ITEMNAME, ITEMVALUE, ITEMUNIT)
values (173, 109, '冲程', '4.2,3.6,3', 'm');

insert into TBL_AUXILIARYDEVICEADDINFO (ID, DEVICEID, ITEMNAME, ITEMVALUE, ITEMUNIT)
values (174, 109, '旋转方向', 'Clockwise', null);

insert into TBL_AUXILIARYDEVICEADDINFO (ID, DEVICEID, ITEMNAME, ITEMVALUE, ITEMUNIT)
values (175, 109, '曲柄偏置角', '-8', '°');

insert into TBL_AUXILIARYDEVICEADDINFO (ID, DEVICEID, ITEMNAME, ITEMVALUE, ITEMUNIT)
values (176, 109, '曲柄重心半径', '0.94', 'm');

insert into TBL_AUXILIARYDEVICEADDINFO (ID, DEVICEID, ITEMNAME, ITEMVALUE, ITEMUNIT)
values (177, 109, '单块曲柄重量', '14.3', 'kN');

insert into TBL_AUXILIARYDEVICEADDINFO (ID, DEVICEID, ITEMNAME, ITEMVALUE, ITEMUNIT)
values (178, 109, '单块曲柄销重量', '0.706', 'kN');

insert into TBL_AUXILIARYDEVICEADDINFO (ID, DEVICEID, ITEMNAME, ITEMVALUE, ITEMUNIT)
values (179, 109, '结构不平衡重', '1.59', 'kN');

insert into TBL_AUXILIARYDEVICEADDINFO (ID, DEVICEID, ITEMNAME, ITEMVALUE, ITEMUNIT)
values (180, 109, '平衡块重量', '13.9,11.16', 'kN');

insert into TBL_AUXILIARYDEVICEADDINFO (ID, DEVICEID, ITEMNAME, ITEMVALUE, ITEMUNIT)
values (181, 110, '冲程', '3,2.5,2.1', 'm');

insert into TBL_AUXILIARYDEVICEADDINFO (ID, DEVICEID, ITEMNAME, ITEMVALUE, ITEMUNIT)
values (182, 110, '旋转方向', 'Clockwise', null);

insert into TBL_AUXILIARYDEVICEADDINFO (ID, DEVICEID, ITEMNAME, ITEMVALUE, ITEMUNIT)
values (183, 110, '曲柄偏置角', '-8', '°');

insert into TBL_AUXILIARYDEVICEADDINFO (ID, DEVICEID, ITEMNAME, ITEMVALUE, ITEMUNIT)
values (184, 110, '曲柄重心半径', '0.78', 'm');

insert into TBL_AUXILIARYDEVICEADDINFO (ID, DEVICEID, ITEMNAME, ITEMVALUE, ITEMUNIT)
values (185, 110, '单块曲柄重量', '14', 'kN');

insert into TBL_AUXILIARYDEVICEADDINFO (ID, DEVICEID, ITEMNAME, ITEMVALUE, ITEMUNIT)
values (186, 110, '单块曲柄销重量', '0.812', 'kN');

insert into TBL_AUXILIARYDEVICEADDINFO (ID, DEVICEID, ITEMNAME, ITEMVALUE, ITEMUNIT)
values (187, 110, '结构不平衡重', '-0.5', 'kN');

insert into TBL_AUXILIARYDEVICEADDINFO (ID, DEVICEID, ITEMNAME, ITEMVALUE, ITEMUNIT)
values (188, 110, '平衡块重量', '12.6,11.25', 'kN');

insert into TBL_AUXILIARYDEVICEADDINFO (ID, DEVICEID, ITEMNAME, ITEMVALUE, ITEMUNIT)
values (189, 111, '冲程', '4.2,3.6,3', 'm');

insert into TBL_AUXILIARYDEVICEADDINFO (ID, DEVICEID, ITEMNAME, ITEMVALUE, ITEMUNIT)
values (190, 111, '旋转方向', 'Clockwise', null);

insert into TBL_AUXILIARYDEVICEADDINFO (ID, DEVICEID, ITEMNAME, ITEMVALUE, ITEMUNIT)
values (191, 111, '曲柄偏置角', '-8', '°');

insert into TBL_AUXILIARYDEVICEADDINFO (ID, DEVICEID, ITEMNAME, ITEMVALUE, ITEMUNIT)
values (192, 111, '曲柄重心半径', '0.95', 'm');

insert into TBL_AUXILIARYDEVICEADDINFO (ID, DEVICEID, ITEMNAME, ITEMVALUE, ITEMUNIT)
values (193, 111, '单块曲柄重量', '14.4', 'kN');

insert into TBL_AUXILIARYDEVICEADDINFO (ID, DEVICEID, ITEMNAME, ITEMVALUE, ITEMUNIT)
values (194, 111, '单块曲柄销重量', '1.05', 'kN');

insert into TBL_AUXILIARYDEVICEADDINFO (ID, DEVICEID, ITEMNAME, ITEMVALUE, ITEMUNIT)
values (195, 111, '结构不平衡重', '3.35', 'kN');

insert into TBL_AUXILIARYDEVICEADDINFO (ID, DEVICEID, ITEMNAME, ITEMVALUE, ITEMUNIT)
values (196, 111, '平衡块重量', '15.5,12.6', 'kN');

insert into TBL_AUXILIARYDEVICEADDINFO (ID, DEVICEID, ITEMNAME, ITEMVALUE, ITEMUNIT)
values (197, 112, '冲程', '5.5,4.6,3.7', 'm');

insert into TBL_AUXILIARYDEVICEADDINFO (ID, DEVICEID, ITEMNAME, ITEMVALUE, ITEMUNIT)
values (198, 112, '旋转方向', 'Clockwise', null);

insert into TBL_AUXILIARYDEVICEADDINFO (ID, DEVICEID, ITEMNAME, ITEMVALUE, ITEMUNIT)
values (199, 112, '曲柄偏置角', '-7.5', '°');

insert into TBL_AUXILIARYDEVICEADDINFO (ID, DEVICEID, ITEMNAME, ITEMVALUE, ITEMUNIT)
values (200, 112, '曲柄重心半径', '1.31', 'm');

insert into TBL_AUXILIARYDEVICEADDINFO (ID, DEVICEID, ITEMNAME, ITEMVALUE, ITEMUNIT)
values (201, 112, '单块曲柄重量', '18.4', 'kN');

insert into TBL_AUXILIARYDEVICEADDINFO (ID, DEVICEID, ITEMNAME, ITEMVALUE, ITEMUNIT)
values (202, 112, '单块曲柄销重量', '1.096', 'kN');

insert into TBL_AUXILIARYDEVICEADDINFO (ID, DEVICEID, ITEMNAME, ITEMVALUE, ITEMUNIT)
values (203, 112, '结构不平衡重', '1.2', 'kN');

insert into TBL_AUXILIARYDEVICEADDINFO (ID, DEVICEID, ITEMNAME, ITEMVALUE, ITEMUNIT)
values (204, 112, '平衡块重量', '15.5,12.6', 'kN');

insert into TBL_AUXILIARYDEVICEADDINFO (ID, DEVICEID, ITEMNAME, ITEMVALUE, ITEMUNIT)
values (205, 113, '冲程', '6,5,4', 'm');

insert into TBL_AUXILIARYDEVICEADDINFO (ID, DEVICEID, ITEMNAME, ITEMVALUE, ITEMUNIT)
values (206, 113, '旋转方向', 'Clockwise', null);

insert into TBL_AUXILIARYDEVICEADDINFO (ID, DEVICEID, ITEMNAME, ITEMVALUE, ITEMUNIT)
values (207, 113, '曲柄偏置角', '-7.5', '°');

insert into TBL_AUXILIARYDEVICEADDINFO (ID, DEVICEID, ITEMNAME, ITEMVALUE, ITEMUNIT)
values (208, 113, '曲柄重心半径', '1.31', 'm');

insert into TBL_AUXILIARYDEVICEADDINFO (ID, DEVICEID, ITEMNAME, ITEMVALUE, ITEMUNIT)
values (209, 113, '单块曲柄重量', '18.4', 'kN');

insert into TBL_AUXILIARYDEVICEADDINFO (ID, DEVICEID, ITEMNAME, ITEMVALUE, ITEMUNIT)
values (210, 113, '单块曲柄销重量', '1.096', 'kN');

insert into TBL_AUXILIARYDEVICEADDINFO (ID, DEVICEID, ITEMNAME, ITEMVALUE, ITEMUNIT)
values (211, 113, '结构不平衡重', '0.6', 'kN');

insert into TBL_AUXILIARYDEVICEADDINFO (ID, DEVICEID, ITEMNAME, ITEMVALUE, ITEMUNIT)
values (212, 113, '平衡块重量', '15.5,12.6', 'kN');

insert into TBL_AUXILIARYDEVICEADDINFO (ID, DEVICEID, ITEMNAME, ITEMVALUE, ITEMUNIT)
values (213, 114, '冲程', '5.5,4.6,3.7', 'm');

insert into TBL_AUXILIARYDEVICEADDINFO (ID, DEVICEID, ITEMNAME, ITEMVALUE, ITEMUNIT)
values (214, 114, '旋转方向', 'Clockwise', null);

insert into TBL_AUXILIARYDEVICEADDINFO (ID, DEVICEID, ITEMNAME, ITEMVALUE, ITEMUNIT)
values (215, 114, '曲柄偏置角', '-7.5', '°');

insert into TBL_AUXILIARYDEVICEADDINFO (ID, DEVICEID, ITEMNAME, ITEMVALUE, ITEMUNIT)
values (216, 114, '曲柄重心半径', '1.31', 'm');

insert into TBL_AUXILIARYDEVICEADDINFO (ID, DEVICEID, ITEMNAME, ITEMVALUE, ITEMUNIT)
values (217, 114, '单块曲柄重量', '18.4', 'kN');

insert into TBL_AUXILIARYDEVICEADDINFO (ID, DEVICEID, ITEMNAME, ITEMVALUE, ITEMUNIT)
values (218, 114, '单块曲柄销重量', '1.096', 'kN');

insert into TBL_AUXILIARYDEVICEADDINFO (ID, DEVICEID, ITEMNAME, ITEMVALUE, ITEMUNIT)
values (219, 114, '结构不平衡重', '1.2', 'kN');

insert into TBL_AUXILIARYDEVICEADDINFO (ID, DEVICEID, ITEMNAME, ITEMVALUE, ITEMUNIT)
values (220, 114, '平衡块重量', '15.5,12.6', 'kN');

insert into TBL_AUXILIARYDEVICEADDINFO (ID, DEVICEID, ITEMNAME, ITEMVALUE, ITEMUNIT)
values (221, 115, '冲程', '6,5,4', 'm');

insert into TBL_AUXILIARYDEVICEADDINFO (ID, DEVICEID, ITEMNAME, ITEMVALUE, ITEMUNIT)
values (222, 115, '旋转方向', 'Clockwise', null);

insert into TBL_AUXILIARYDEVICEADDINFO (ID, DEVICEID, ITEMNAME, ITEMVALUE, ITEMUNIT)
values (223, 115, '曲柄偏置角', '-7.5', '°');

insert into TBL_AUXILIARYDEVICEADDINFO (ID, DEVICEID, ITEMNAME, ITEMVALUE, ITEMUNIT)
values (224, 115, '曲柄重心半径', '1.31', 'm');

insert into TBL_AUXILIARYDEVICEADDINFO (ID, DEVICEID, ITEMNAME, ITEMVALUE, ITEMUNIT)
values (225, 115, '单块曲柄重量', '18.4', 'kN');

insert into TBL_AUXILIARYDEVICEADDINFO (ID, DEVICEID, ITEMNAME, ITEMVALUE, ITEMUNIT)
values (226, 115, '单块曲柄销重量', '1.096', 'kN');

insert into TBL_AUXILIARYDEVICEADDINFO (ID, DEVICEID, ITEMNAME, ITEMVALUE, ITEMUNIT)
values (227, 115, '结构不平衡重', '0.6', 'kN');

insert into TBL_AUXILIARYDEVICEADDINFO (ID, DEVICEID, ITEMNAME, ITEMVALUE, ITEMUNIT)
values (228, 115, '平衡块重量', '15.5,12.6', 'kN');

insert into TBL_AUXILIARYDEVICEADDINFO (ID, DEVICEID, ITEMNAME, ITEMVALUE, ITEMUNIT)
values (229, 116, '冲程', '2.5,3', 'm');

insert into TBL_AUXILIARYDEVICEADDINFO (ID, DEVICEID, ITEMNAME, ITEMVALUE, ITEMUNIT)
values (230, 116, '旋转方向', 'Clockwise', null);

insert into TBL_AUXILIARYDEVICEADDINFO (ID, DEVICEID, ITEMNAME, ITEMVALUE, ITEMUNIT)
values (231, 116, '曲柄偏置角', '0', '°');

insert into TBL_AUXILIARYDEVICEADDINFO (ID, DEVICEID, ITEMNAME, ITEMVALUE, ITEMUNIT)
values (232, 116, '曲柄重心半径', '0.72', 'm');

insert into TBL_AUXILIARYDEVICEADDINFO (ID, DEVICEID, ITEMNAME, ITEMVALUE, ITEMUNIT)
values (233, 116, '单块曲柄重量', '8.2516', 'kN');

insert into TBL_AUXILIARYDEVICEADDINFO (ID, DEVICEID, ITEMNAME, ITEMVALUE, ITEMUNIT)
values (234, 116, '单块曲柄销重量', '0.7', 'kN');

insert into TBL_AUXILIARYDEVICEADDINFO (ID, DEVICEID, ITEMNAME, ITEMVALUE, ITEMUNIT)
values (235, 116, '结构不平衡重', '-2', 'kN');

insert into TBL_AUXILIARYDEVICEADDINFO (ID, DEVICEID, ITEMNAME, ITEMVALUE, ITEMUNIT)
values (236, 116, '平衡块重量', '7.9674,7.9674', 'kN');
